Workbook

Sheet Read Me
B2: Estimating the initial number of dwelllings and replacement projects that occur over time
A3: 1 | B3: The number of projects/annum for a given area is the SUM OF renovations AND new builds (see below).
B4: NOTE: renovations occur at specified intervals after a dwelling has been built. For example, if kitchens are replaced every 30 years (for example), 30 years, 60 years, etc later, a kitchen renovation will occur.
B5: NOTE: an area may be too new for the renovation cycle to have commenced.
A6: 2 | B6: The number of projects in an area which are renovations/renewals is directly related to the number of dwellings built when that area was first developed.
A7: 3 | B7: Key inputs are:
B8: Start Date of major development (when residential blocks were first created as part of an urbanisation project)
B9: Finish Date of major development (when the area area is, say, 70 to 80% developed)
B10: Project life (ie how often does a kitchen or driveway or boundary fence, etc, have to be replaced)
A11: 4 | B11: The earliest available LGA data is for 1961. The earliest, easily obtainable Postcode data is for 2001.
B12: The earliest Start Date available is 1901 (this is a model limitation).
B13: The earliest Finish Date is 1961 (this is a data limitation - no data prior to 1961).
A14: 5 | B14: By fitting a curve to the 2001-2021 Postcode data, estimates of the number of dwellings in that Postcode prior to 2001 can be made:
B15: For long-developed Postcodes (eg 50 years +), the estimate for pre-2021 may be quite accurate
B16: but only if the LGA in which the Postcode sits is also long-developed
B17: For relatively newly developed Postcodes, the estimates may be a little to a long way off
A18: 6 | B18: An alternative to curve fitting is to use the percentage contribution of a Postcode in a LGA to estimate the number of dwellings in that Postcode prior to 2001.
B19: If all Postcodes in a LGA were developed at the same time, this approach will work, otherwise it willl cause discrepancies; the earlier the Finish Date,
B20: the greater the discrepancy.
A21: 7 | B21: HOW IT WORKS: the number of dwelllings available on the Finish Date drives all the calculations. That number is apportioned over the build-up period - which is the time between the Start Date abd the Finish Date.
B22: EXAMPLE: Dwelllings at Finish Date = 1,000. Build-up period = 10 years. Dwellings added each year = 100. If kitchens are replaced every 30 years (on average), then 30 years after each increment of 100 dwellings added during the build-up period,
B23: 100 kitchens will be required. NOTE: not all projects have a 100% uptake.
A24: 8 | B24: If the time taken to develop a Postcode (the build-up period) is less than the project life, the number of replacements will be lumpy because replacements will not be required for the dwellings added in the early years of the build-up until after the Finish Date
B25: EXAMPLE: if the build-up period is 20 years and the replacement period is 40 years, there will be a 20 year periods when no replacements occur.
A26: 9 | B26: The rate at which projects are adopted can vary over time. Some projects, eg kitchens, bathrooms, etc always have a 100% uptake but others do not. Some projects may start with an uptake = 0% (eg ducted air conditioning in 1970) but increase over time.
B27: A change in update applies to all the dwellings available on the Finish Date.
B28: EXAMPLE: say the uptake rate for simming pools in 1961 is 0% but that it increases slowly from 0% in 1980 to 3% in 2024. The replacement period (the project life) is used to forecast activity levels from the Finish Date. That activity is multipled by the uptake rate.
A29: 10 | B29: Uptake rates can increase, decrease or stay constant. For example, in some cities virtually all detached dwellings built prior to 1960 had terracotta roofs. When those roofs were replaced options were terracotta, concrete tiles and metal.
B30: Where there are options available, the sum of those options must be 100%.
B33: Projects resulting from new builds (after major development finishes) can take 3 forms
B34: If the number of dwellings in an area continues to rise after the Finish Date, the increase is treated as a new build. An increase in the number of detached dwellings will be due to blocks being reduced in size (eg the creation of battle-axe blocks), etc.
B35: An increase in total dwellings will be due to an increase in detached dwellings and/or the development of medium and hgh density zones. Medium and high density may (or will) reduce the number of detached dwellings but in most Postcodes the impact will be slight.
B37: New build options:
A38: 1 | B38: Projects where uptake can go up and down, eg a gravel driveway replaced with bitumen then replaced with concrete. The level of uptake may/will change from year to year depending on cost, trends, etc. The sum of the options must be 100%..
A39: 2 | B39: Projects where additions occur in the first year, are permanent and cannot be removed or changed over time, eg ensuites, laundries. The level of uptake may vary for dwellings built in one year compared to dwelllings built in another year.
B40: The important point about this category is that once the percentage is determined for new builds of a particular year, it does not chanhe over time (up or down).
A41: 3 | B41: Projects where additions may occur at any time but are not reversed, eg air conditioning, front fences, swimming pools. Once the feature is added it is never removed, so uptake for dwellings built in a particular year may/will grow over time as more projects are added.

Sheet Master
B2: Internal projects | E2: External projects
A3: 1 | B3: Aircon - wall mounted | D3: 16 | E3: Decking/verandah
A4: =A3+1 -> 2 | B4: Aircon - ducted | D4: =D3+1 -> 17 | E4: Driveway - aggregate | L4: Data used | N4: WA | O4: (AUS, WA, 6008 to 6011, NSW, 2070 to 2075)
A5: =A4+1 -> 3 | B5: Bathroom - main | D5: =D4+1 -> 18 | E5: Driveway - brick/paver
A6: =A5+1 -> 4 | B6: Bathroom - ensuite | D6: =D5+1 -> 19 | E6: Driveway - bitumen
A7: =A6+1 -> 5 | B7: Flooring - timber | D7: =D6+1 -> 20 | E7: Driveway - concrete
A8: =A7+1 -> 6 | B8: Floring - carpet | D8: =D7+1 -> 21 | E8: Fencing - front
A9: =A8+1 -> 7 | B9: Floring - ceramic tile | D9: =D8+1 -> 22 | E9: Fencing - rear/sides
A10: =A9+1 -> 8 | B10: Flooring - vinyl tile | D10: =D9+1 -> 23 | E10: Fencing - pool
A11: =A10+1 -> 9 | B11: Home comms | D11: =D10+1 -> 24 | E11: Gutters/downpipes | V11: NOTE:
A12: =A11+1 -> 10 | B12: Home security | D12: =D11+1 -> 25 | E12: Gates - security | L12: Start of major development (or Build-up) | Q12: 1901 | R12: (1901 is the earliest start date) | V12: If the Build-up (or development) period is
A13: =A12+1 -> 11 | B13: Kitchen | D13: =D12+1 -> 26 | E13: Painting (exterior) | L13: Finish of major development (or Build-up) | Q13: 1961 | R13: (1961 is earliest finish date) | V13: LESS THAN the product life, there will be a
A14: =A13+1 -> 12 | B14: Laundry | D14: =D13+1 -> 27 | E14: Paving/patio | L14: Build-up period | Q14: =Q13-Q12 -> 60 | V14: period of no replacement projects for
A15: =A14+1 -> 13 | B15: Painting (interior) | D15: =D14+1 -> 28 | E15: Pergola | L15: Product life | Q15: =D169 -> 35 | R15: (At development Finish Date) | V15: =B27&", but after that period end," -> Pre 1961 stock, but after that period end,
A16: =A15+1 -> 14 | B16: Wardrobes - built-in | D16: =D15+1 -> 29 | E16: Pool | V16: projects will continue
A17: =A16+1 -> 15 | B17: Wardrobes - walk-in | D17: =D16+1 -> 30 | E17: Roof - metal | L17: =B26 -> Source of potential projects (ALL dwellings) | Q17: 2024
D18: =D17+1 -> 31 | E18: Roof - concrete tile | L18: =B27 -> Pre 1961 stock | Q18: =F27 -> 30935.066
D19: =D18+1 -> 32 | E19: Roof - terracotta tile | L19: =B28 -> Post 1961 additions | Q19: =F28-F31 -> 22507.149
D20: =D19+1 -> 33 | E20: Roof - other | L20: =B31 -> New builds - 2024 | Q20: =F31 -> 36186.779
D21: 34 | E21: Solar - battery | Q21: =SUM(Q18:Q20) -> 89628.993
D22: 35 | E22: Solar - panels
A24: => | B24: Project number selected | C24: 3 | D24: =IF(AND(C24>=1,C24<=15),VLOOKUP(C24,$A$3:$B$17,2,TRUE),VLOOKUP(C24,$D$3:$E$22,2,TRUE)) -> Bathroom - main
B26: =IF(C354=1,"Source of potential projects (ALL dwellings)","Source of potential projects (DETACHED dwellings)") -> Source of potential projects (ALL dwellings) | D26: 2022 | E26: 2023 | F26: =2024 -> 2024 | G26: 2025 | H26: 2026 | L26: Projects resulting from new builds (after major development finishes) can take 3 forms
B27: ="Pre "&Q13&" stock" -> Pre 1961 stock | C27: # | D27: =DU772*1000 -> 30935.066 | E27: =DV772*1000 -> 30935.066 | F27: =DW772*1000 -> 30935.066 | G27: =DX772*1000 -> 30935.066 | H27: =DY772*1000 -> 46402.598 | K27: 1 | L27: Projects where uptake can go up and down, eg gravel driveway replaced with bitumen replaced with concrete
A28: + | B28: ="Post "&Q13&" additions" -> Post 1961 additions | C28: # | D28: =IF($O34=1,DU1171,IF($O34=2,DU1308,DU1445))*1000 -> 58693.928 | E28: =IF($O34=1,DV1171,IF($O34=2,DV1308,DV1445))*1000 -> 58693.928 | F28: =IF($O34=1,DW1171,IF($O34=2,DW1308,DW1445))*1000 -> 58693.928 | G28: =IF($O34=1,DX1171,IF($O34=2,DX1308,DX1445))*1000 -> 58693.928 | H28: =IF($O34=1,DY1171,IF($O34=2,DY1308,DY1445))*1000 -> 91300.477 | L28: The level of uptake may/will change from year to year
A29: = | B29: Total projects | C29: # | D29: =D27+D28 -> 89628.993 | E29: =E27+E28 -> 89628.993 | F29: =F27+F28 -> 89628.993 | G29: =G27+G28 -> 89628.993 | H29: =H27+H28 -> 137703.08 | K29: 2 | L29: Projects where additions occur in the first year, are permanent and cannot be removed or changed over time, eg ensuites, laundries
L30: The level of uptake may vary for dwellings built in one year compared to dwelllings built in another year. Within a particular group of dwellings there is no change
A31: => | B31: New builds - 2024 | C31: # | D31: =IF($O34=1,DU1176,IF($O34=2,DU1311,DU1448))*1000 -> 36186.779 | E31: =IF($O34=1,DV1176,IF($O34=2,DV1311,DV1448))*1000 -> 36186.779 | F31: =IF($O34=1,DW1176,IF($O34=2,DW1311,DW1448))*1000 -> 36186.779 | G31: =IF($O34=1,DX1176,IF($O34=2,DX1311,DX1448))*1000 -> 36186.779 | H31: =IF($O34=1,DY1176,IF($O34=2,DY1311,DY1448))*1000 -> 39135.148 | K31: 3 | L31: Projects where additions may occur at any time but are not reversed, eg air conditioning, front fences, swimming pools
A32: => | B32: Replacements | C32: # | D32: =D29-D31 -> 53442.214 | E32: =E29-E31 -> 53442.214 | F32: =F29-F31 -> 53442.214 | G32: =G29-G31 -> 53442.214 | H32: =H29-H31 -> 98567.928 | L32: Once the feature is added it is not removed, so uptake for dwellings built in a particular year may/will grow over time
A33: => | B33: Total projects | C33: # | D33: =D31+D32 -> 89628.993 | E33: =E31+E32 -> 89628.993 | F33: =F31+F32 -> 89628.993 | G33: =G31+G32 -> 89628.993 | H33: =H31+H32 -> 137703.08
K34: => | L34: New build AUTO selection | O34: =IF(AND($C$24>=1,$C$24<=15),VLOOKUP($C$24,$A$261:$C$274,C$259,TRUE),VLOOKUP($C$24,$A$297:$C$316,C$259,TRUE)) -> 2
A35: => | B35: =IF(C354=1,"As a % of ALL existing dwellings","As a % of existing DETACHED dwellings") -> As a % of ALL existing dwellings | D35: =IF($C354=1,D32/(#REF!*1000),D32/(#REF!*1000)) -> #REF! | E35: =IF($C354=1,E32/(#REF!*1000),E32/(#REF!*1000)) -> #REF! | F35: =IF($C354=1,F32/(#REF!*1000),F32/(#REF!*1000)) -> #REF! | G35: =IF($C354=1,G32/(#REF!*1000),G32/(#REF!*1000)) -> #REF! | H35: =IF($C354=1,H32/(#REF!*1000),H32/(#REF!*1000)) -> #REF!
B37: Uptake | D37: =DU771 -> 1 | E37: =DV771 -> 1 | F37: =DW771 -> 1 | G37: =DX771 -> 1 | H37: =DY771 -> 1
B38: Product life | C38: years | D38: =DU508 -> 30 | E38: =DV508 -> 30 | F38: =DW508 -> 30 | G38: =DX508 -> 30 | H38: =DY508 -> 30
B43: Uptake = Proportion of dwellings with projects; can range from 100% to 10% or less
B44: Life = Average time a product or project lasts; can range from 60 years to 10 years
B47: Internal projects | C47: Uptake/Life | D47: 1901 | E47: =D47+1 -> 1902 | F47: =E47+1 -> 1903 | G47: =F47+1 -> 1904 | H47: =G47+1 -> 1905 | I47: =H47+1 -> 1906 | J47: =I47+1 -> 1907 | K47: =J47+1 -> 1908 | L47: =K47+1 -> 1909 | ... EC47: =EB47+1 -> 2030
A48: 1 | B48: Air con - wall | C48: uptake - original | D48: 0 | E48: =D48 -> 0 | F48: =E48 -> 0 | G48: =F48 -> 0 | H48: 0 | I48: =H48-((H48-M48)/5) -> 0 | J48: =I48-((H48-M48)/5) -> 0 | K48: =J48-((H48-M48)/5) -> 0 | L48: =K48-((H48-M48)/5) -> 0 | M48: 0 | N48: =M48-((M48-R48)/5) -> 0 | O48: =N48-((M48-R48)/5) -> 0 | P48: =O48-((M48-R48)/5) -> 0 | Q48: =P48-((M48-R48)/5) -> 0 | R48: 0 | S48: =R48-((R48-W48)/5) -> 0 | T48: =S48-((R48-W48)/5) -> 0 | U48: =T48-((R48-W48)/5) -> 0 | V48: =U48-((R48-W48)/5) -> 0 | W48: 0 | X48: =W48-((W48-AB48)/5) -> 0 | Y48: =X48-((W48-AB48)/5) -> 0 | Z48: =Y48-((W48-AB48)/5) -> 0 | AA48: =Z48-((W48-AB48)/5) -> 0 | AB48: 0 | AC48: =AB48-((AB48-AG48)/5) -> 0 | AD48: =AC48-((AB48-AG48)/5) -> 0 | AE48: =AD48-((AB48-AG48)/5) -> 0 | AF48: =AE48-((AB48-AG48)/5) -> 0 | AG48: 0 | AH48: =AG48-((AG48-AL48)/5) -> 0 | AI48: =AH48-((AG48-AL48)/5) -> 0 | AJ48: =AI48-((AG48-AL48)/5) -> 0 | AK48: =AJ48-((AG48-AL48)/5) -> 0 | AL48: 0 | AM48: =AL48-((AL48-AQ48)/5) -> 0 | AN48: =AM48-((AL48-AQ48)/5) -> 0 | AO48: =AN48-((AL48-AQ48)/5) -> 0 | AP48: =AO48-((AL48-AQ48)/5) -> 0 | AQ48: 0 | AR48: =AQ48-((AQ48-AV48)/5) -> 0 | AS48: =AR48-((AQ48-AV48)/5) -> 0 | AT48: =AS48-((AQ48-AV48)/5) -> 0 | AU48: =AT48-((AQ48-AV48)/5) -> 0 | AV48: 0 | AW48: =AV48-((AV48-BA48)/5) -> 0 | AX48: =AW48-((AV48-BA48)/5) -> 0 | AY48: =AX48-((AV48-BA48)/5) -> 0 | AZ48: =AY48-((AV48-BA48)/5) -> 0 | BA48: 0 | BB48: =BA48-((BA48-BF48)/5) -> 0 | BC48: =BB48-((BA48-BF48)/5) -> 0 | BD48: =BC48-((BA48-BF48)/5) -> 0 | BE48: =BD48-((BA48-BF48)/5) -> 0 | BF48: 0 | BG48: =BF48-((BF48-BK48)/5) -> 0 | BH48: =BG48-((BF48-BK48)/5) -> 0 | BI48: =BH48-((BF48-BK48)/5) -> 0 | BJ48: =BI48-((BF48-BK48)/5) -> 0 | BK48: 0 | BL48: =BK48-((BK48-BP48)/5) -> 0 | BM48: =BL48-((BK48-BP48)/5) -> 0 | BN48: =BM48-((BK48-BP48)/5) -> 0 | BO48: =BN48-((BK48-BP48)/5) -> 0 | BP48: 0 | BQ48: =BP48-((BP48-BU48)/5) -> 0 | BR48: =BQ48-((BP48-BU48)/5) -> 0 | BS48: =BR48-((BP48-BU48)/5) -> 0 | BT48: =BS48-((BP48-BU48)/5) -> 0 | BU48: 0 | BV48: =BU48-((BU48-BZ48)/5) -> 0 | BW48: =BV48-((BU48-BZ48)/5) -> 0 | BX48: =BW48-((BU48-BZ48)/5) -> 0 | BY48: =BX48-((BU48-BZ48)/5) -> 0 | BZ48: 0 | CA48: =BZ48-((BZ48-CE48)/5) -> 0 | CB48: =CA48-((BZ48-CE48)/5) -> 0 | CC48: =CB48-((BZ48-CE48)/5) -> 0 | CD48: =CC48-((BZ48-CE48)/5) -> 0 | CE48: 0 | CF48: =CE48-((CE48-CJ48)/5) -> 0 | CG48: =CF48-((CE48-CJ48)/5) -> 0 | CH48: =CG48-((CE48-CJ48)/5) -> 0 | CI48: =CH48-((CE48-CJ48)/5) -> 0 | CJ48: 0 | CK48: =CJ48-((CJ48-CO48)/5) -> 0.01 | CL48: =CK48-((CJ48-CO48)/5) -> 0.02 | CM48: =CL48-((CJ48-CO48)/5) -> 0.03 | CN48: =CM48-((CJ48-CO48)/5) -> 0.04 | CO48: 0.05 | CP48: =CO48-((CO48-CT48)/5) -> 0.06 | CQ48: =CP48-((CO48-CT48)/5) -> 0.07 | CR48: =CQ48-((CO48-CT48)/5) -> 0.08 | CS48: =CR48-((CO48-CT48)/5) -> 0.09 | CT48: 0.1 | CU48: =CT48-((CT48-CY48)/5) -> 0.12 | CV48: =CU48-((CT48-CY48)/5) -> 0.14 | CW48: =CV48-((CT48-CY48)/5) -> 0.16 | CX48: =CW48-((CT48-CY48)/5) -> 0.18 | CY48: 0.2 | CZ48: =CY48-((CY48-DD48)/5) -> 0.22 | DA48: =CZ48-((CY48-DD48)/5) -> 0.24 | DB48: =DA48-((CY48-DD48)/5) -> 0.26 | DC48: =DB48-((CY48-DD48)/5) -> 0.28 | DD48: 0.3 | DE48: =DD48-((DD48-DI48)/5) -> 0.32 | DF48: =DE48-((DD48-DI48)/5) -> 0.34 | DG48: =DF48-((DD48-DI48)/5) -> 0.36 | DH48: =DG48-((DD48-DI48)/5) -> 0.38 | DI48: 0.4 | DJ48: =DI48-((DI48-DN48)/5) -> 0.42 | DK48: =DJ48-((DI48-DN48)/5) -> 0.44 | DL48: =DK48-((DI48-DN48)/5) -> 0.46 | DM48: =DL48-((DI48-DN48)/5) -> 0.48 | DN48: 0.5 | DO48: =DN48-((DN48-DS48)/5) -> 0.51 | DP48: =DO48-((DN48-DS48)/5) -> 0.52 | DQ48: =DP48-((DN48-DS48)/5) -> 0.53 | DR48: =DQ48-((DN48-DS48)/5) -> 0.54 | DS48: 0.55 | DT48: =DS48-((DS48-DX48)/5) -> 0.56 | DU48: =DT48-((DS48-DX48)/5) -> 0.57 | DV48: =DU48-((DS48-DX48)/5) -> 0.58 | DW48: =DV48-((DS48-DX48)/5) -> 0.59 | DX48: 0.6 | DY48: =DX48-((DX48-EC48)/5) -> 0.6 | DZ48: =DY48-((DX48-EC48)/5) -> 0.6 | EA48: =DZ48-((DX48-EC48)/5) -> 0.6 | EB48: =EA48-((DX48-EC48)/5) -> 0.6 | EC48: 0.6
C49: uptake - new | D49: 0 | E49: =D49 -> 0 | F49: =E49 -> 0 | G49: =F49 -> 0 | H49: 0 | I49: =H49-((H49-M49)/5) -> 0 | J49: =I49-((H49-M49)/5) -> 0 | K49: =J49-((H49-M49)/5) -> 0 | L49: =K49-((H49-M49)/5) -> 0 | M49: 0 | N49: =M49-((M49-R49)/5) -> 0 | O49: =N49-((M49-R49)/5) -> 0 | P49: =O49-((M49-R49)/5) -> 0 | Q49: =P49-((M49-R49)/5) -> 0 | R49: 0 | S49: =R49-((R49-W49)/5) -> 0 | T49: =S49-((R49-W49)/5) -> 0 | U49: =T49-((R49-W49)/5) -> 0 | V49: =U49-((R49-W49)/5) -> 0 | W49: 0 | X49: =W49-((W49-AB49)/5) -> 0 | Y49: =X49-((W49-AB49)/5) -> 0 | Z49: =Y49-((W49-AB49)/5) -> 0 | AA49: =Z49-((W49-AB49)/5) -> 0 | AB49: 0 | AC49: =AB49-((AB49-AG49)/5) -> 0 | AD49: =AC49-((AB49-AG49)/5) -> 0 | AE49: =AD49-((AB49-AG49)/5) -> 0 | AF49: =AE49-((AB49-AG49)/5) -> 0 | AG49: 0 | AH49: =AG49-((AG49-AL49)/5) -> 0 | AI49: =AH49-((AG49-AL49)/5) -> 0 | AJ49: =AI49-((AG49-AL49)/5) -> 0 | AK49: =AJ49-((AG49-AL49)/5) -> 0 | AL49: 0 | AM49: =AL49-((AL49-AQ49)/5) -> 0 | AN49: =AM49-((AL49-AQ49)/5) -> 0 | AO49: =AN49-((AL49-AQ49)/5) -> 0 | AP49: =AO49-((AL49-AQ49)/5) -> 0 | AQ49: 0 | AR49: =AQ49-((AQ49-AV49)/5) -> 0 | AS49: =AR49-((AQ49-AV49)/5) -> 0 | AT49: =AS49-((AQ49-AV49)/5) -> 0 | AU49: =AT49-((AQ49-AV49)/5) -> 0 | AV49: 0 | AW49: =AV49-((AV49-BA49)/5) -> 0 | AX49: =AW49-((AV49-BA49)/5) -> 0 | AY49: =AX49-((AV49-BA49)/5) -> 0 | AZ49: =AY49-((AV49-BA49)/5) -> 0 | BA49: 0 | BB49: =BA49-((BA49-BF49)/5) -> 0 | BC49: =BB49-((BA49-BF49)/5) -> 0 | BD49: =BC49-((BA49-BF49)/5) -> 0 | BE49: =BD49-((BA49-BF49)/5) -> 0 | BF49: 0 | BG49: =BF49-((BF49-BK49)/5) -> 0 | BH49: =BG49-((BF49-BK49)/5) -> 0 | BI49: =BH49-((BF49-BK49)/5) -> 0 | BJ49: =BI49-((BF49-BK49)/5) -> 0 | BK49: 0 | BL49: =BK49-((BK49-BP49)/5) -> 0 | BM49: =BL49-((BK49-BP49)/5) -> 0 | BN49: =BM49-((BK49-BP49)/5) -> 0 | BO49: =BN49-((BK49-BP49)/5) -> 0 | BP49: 0 | BQ49: =BP49-((BP49-BU49)/5) -> 0 | BR49: =BQ49-((BP49-BU49)/5) -> 0 | BS49: =BR49-((BP49-BU49)/5) -> 0 | BT49: =BS49-((BP49-BU49)/5) -> 0 | BU49: 0 | BV49: =BU49-((BU49-BZ49)/5) -> 0 | BW49: =BV49-((BU49-BZ49)/5) -> 0 | BX49: =BW49-((BU49-BZ49)/5) -> 0 | BY49: =BX49-((BU49-BZ49)/5) -> 0 | BZ49: 0 | CA49: =BZ49-((BZ49-CE49)/5) -> 0 | CB49: =CA49-((BZ49-CE49)/5) -> 0 | CC49: =CB49-((BZ49-CE49)/5) -> 0 | CD49: =CC49-((BZ49-CE49)/5) -> 0 | CE49: 0 | CF49: =CE49-((CE49-CJ49)/5) -> 0 | CG49: =CF49-((CE49-CJ49)/5) -> 0 | CH49: =CG49-((CE49-CJ49)/5) -> 0 | CI49: =CH49-((CE49-CJ49)/5) -> 0 | CJ49: 0 | CK49: =CJ49-((CJ49-CO49)/5) -> 0.01 | CL49: =CK49-((CJ49-CO49)/5) -> 0.02 | CM49: =CL49-((CJ49-CO49)/5) -> 0.03 | CN49: =CM49-((CJ49-CO49)/5) -> 0.04 | CO49: 0.05 | CP49: =CO49-((CO49-CT49)/5) -> 0.06 | CQ49: =CP49-((CO49-CT49)/5) -> 0.07 | CR49: =CQ49-((CO49-CT49)/5) -> 0.08 | CS49: =CR49-((CO49-CT49)/5) -> 0.09 | CT49: 0.1 | CU49: =CT49-((CT49-CY49)/5) -> 0.12 | CV49: =CU49-((CT49-CY49)/5) -> 0.14 | CW49: =CV49-((CT49-CY49)/5) -> 0.16 | CX49: =CW49-((CT49-CY49)/5) -> 0.18 | CY49: 0.2 | CZ49: =CY49-((CY49-DD49)/5) -> 0.22 | DA49: =CZ49-((CY49-DD49)/5) -> 0.24 | DB49: =DA49-((CY49-DD49)/5) -> 0.26 | DC49: =DB49-((CY49-DD49)/5) -> 0.28 | DD49: 0.3 | DE49: =DD49-((DD49-DI49)/5) -> 0.32 | DF49: =DE49-((DD49-DI49)/5) -> 0.34 | DG49: =DF49-((DD49-DI49)/5) -> 0.36 | DH49: =DG49-((DD49-DI49)/5) -> 0.38 | DI49: 0.4 | DJ49: =DI49-((DI49-DN49)/5) -> 0.42 | DK49: =DJ49-((DI49-DN49)/5) -> 0.44 | DL49: =DK49-((DI49-DN49)/5) -> 0.46 | DM49: =DL49-((DI49-DN49)/5) -> 0.48 | DN49: 0.5 | DO49: =DN49-((DN49-DS49)/5) -> 0.51 | DP49: =DO49-((DN49-DS49)/5) -> 0.52 | DQ49: =DP49-((DN49-DS49)/5) -> 0.53 | DR49: =DQ49-((DN49-DS49)/5) -> 0.54 | DS49: 0.55 | DT49: =DS49-((DS49-DX49)/5) -> 0.56 | DU49: =DT49-((DS49-DX49)/5) -> 0.57 | DV49: =DU49-((DS49-DX49)/5) -> 0.58 | DW49: =DV49-((DS49-DX49)/5) -> 0.59 | DX49: 0.6 | DY49: =DX49-((DX49-EC49)/5) -> 0.6 | DZ49: =DY49-((DX49-EC49)/5) -> 0.6 | EA49: =DZ49-((DX49-EC49)/5) -> 0.6 | EB49: =EA49-((DX49-EC49)/5) -> 0.6 | EC49: 0.6
C50: life | D50: 0 | E50: =D50 -> 0 | F50: =E50 -> 0 | G50: =F50 -> 0 | H50: 0 | I50: =H50-((H50-M50)/5) -> 0 | J50: =I50-((H50-M50)/5) -> 0 | K50: =J50-((H50-M50)/5) -> 0 | L50: =K50-((H50-M50)/5) -> 0 | M50: 0 | N50: =M50-((M50-R50)/5) -> 0 | O50: =N50-((M50-R50)/5) -> 0 | P50: =O50-((M50-R50)/5) -> 0 | Q50: =P50-((M50-R50)/5) -> 0 | R50: 0 | S50: =R50-((R50-W50)/5) -> 0 | T50: =S50-((R50-W50)/5) -> 0 | U50: =T50-((R50-W50)/5) -> 0 | V50: =U50-((R50-W50)/5) -> 0 | W50: 0 | X50: =W50-((W50-AB50)/5) -> 0 | Y50: =X50-((W50-AB50)/5) -> 0 | Z50: =Y50-((W50-AB50)/5) -> 0 | AA50: =Z50-((W50-AB50)/5) -> 0 | AB50: 0 | AC50: =AB50-((AB50-AG50)/5) -> 0 | AD50: =AC50-((AB50-AG50)/5) -> 0 | AE50: =AD50-((AB50-AG50)/5) -> 0 | AF50: =AE50-((AB50-AG50)/5) -> 0 | AG50: 0 | AH50: =AG50-((AG50-AL50)/5) -> 0 | AI50: =AH50-((AG50-AL50)/5) -> 0 | AJ50: =AI50-((AG50-AL50)/5) -> 0 | AK50: =AJ50-((AG50-AL50)/5) -> 0 | AL50: 0 | AM50: =AL50-((AL50-AQ50)/5) -> 0 | AN50: =AM50-((AL50-AQ50)/5) -> 0 | AO50: =AN50-((AL50-AQ50)/5) -> 0 | AP50: =AO50-((AL50-AQ50)/5) -> 0 | AQ50: 0 | AR50: =AQ50-((AQ50-AV50)/5) -> 0 | AS50: =AR50-((AQ50-AV50)/5) -> 0 | AT50: =AS50-((AQ50-AV50)/5) -> 0 | AU50: =AT50-((AQ50-AV50)/5) -> 0 | AV50: 0 | AW50: =AV50-((AV50-BA50)/5) -> 0 | AX50: =AW50-((AV50-BA50)/5) -> 0 | AY50: =AX50-((AV50-BA50)/5) -> 0 | AZ50: =AY50-((AV50-BA50)/5) -> 0 | BA50: 0 | BB50: =BA50-((BA50-BF50)/5) -> 0 | BC50: =BB50-((BA50-BF50)/5) -> 0 | BD50: =BC50-((BA50-BF50)/5) -> 0 | BE50: =BD50-((BA50-BF50)/5) -> 0 | BF50: 0 | BG50: =BF50-((BF50-BK50)/5) -> 0 | BH50: =BG50-((BF50-BK50)/5) -> 0 | BI50: =BH50-((BF50-BK50)/5) -> 0 | BJ50: =BI50-((BF50-BK50)/5) -> 0 | BK50: 0 | BL50: =BK50-((BK50-BP50)/5) -> 0 | BM50: =BL50-((BK50-BP50)/5) -> 0 | BN50: =BM50-((BK50-BP50)/5) -> 0 | BO50: =BN50-((BK50-BP50)/5) -> 0 | BP50: 0 | BQ50: =BP50-((BP50-BU50)/5) -> 0 | BR50: =BQ50-((BP50-BU50)/5) -> 0 | BS50: =BR50-((BP50-BU50)/5) -> 0 | BT50: =BS50-((BP50-BU50)/5) -> 0 | BU50: 0 | BV50: =BU50-((BU50-BZ50)/5) -> 0 | BW50: =BV50-((BU50-BZ50)/5) -> 0 | BX50: =BW50-((BU50-BZ50)/5) -> 0 | BY50: =BX50-((BU50-BZ50)/5) -> 0 | BZ50: 0 | CA50: =BZ50-((BZ50-CE50)/5) -> 0 | CB50: =CA50-((BZ50-CE50)/5) -> 0 | CC50: =CB50-((BZ50-CE50)/5) -> 0 | CD50: =CC50-((BZ50-CE50)/5) -> 0 | CE50: 0 | CF50: =CE50-((CE50-CJ50)/5) -> 3 | CG50: =CF50-((CE50-CJ50)/5) -> 6 | CH50: =CG50-((CE50-CJ50)/5) -> 9 | CI50: =CH50-((CE50-CJ50)/5) -> 12 | CJ50: 15 | CK50: =CJ50-((CJ50-CO50)/5) -> 15 | CL50: =CK50-((CJ50-CO50)/5) -> 15 | CM50: =CL50-((CJ50-CO50)/5) -> 15 | CN50: =CM50-((CJ50-CO50)/5) -> 15 | CO50: 15 | CP50: =CO50-((CO50-CT50)/5) -> 15 | CQ50: =CP50-((CO50-CT50)/5) -> 15 | CR50: =CQ50-((CO50-CT50)/5) -> 15 | CS50: =CR50-((CO50-CT50)/5) -> 15 | CT50: 15 | CU50: =CT50-((CT50-CY50)/5) -> 15 | CV50: =CU50-((CT50-CY50)/5) -> 15 | CW50: =CV50-((CT50-CY50)/5) -> 15 | CX50: =CW50-((CT50-CY50)/5) -> 15 | CY50: 15 | CZ50: =CY50-((CY50-DD50)/5) -> 15 | DA50: =CZ50-((CY50-DD50)/5) -> 15 | DB50: =DA50-((CY50-DD50)/5) -> 15 | DC50: =DB50-((CY50-DD50)/5) -> 15 | DD50: 15 | DE50: =DD50-((DD50-DI50)/5) -> 15 | DF50: =DE50-((DD50-DI50)/5) -> 15 | DG50: =DF50-((DD50-DI50)/5) -> 15 | DH50: =DG50-((DD50-DI50)/5) -> 15 | DI50: 15 | DJ50: =DI50-((DI50-DN50)/5) -> 15 | DK50: =DJ50-((DI50-DN50)/5) -> 15 | DL50: =DK50-((DI50-DN50)/5) -> 15 | DM50: =DL50-((DI50-DN50)/5) -> 15 | DN50: 15 | DO50: =DN50-((DN50-DS50)/5) -> 15 | DP50: =DO50-((DN50-DS50)/5) -> 15 | DQ50: =DP50-((DN50-DS50)/5) -> 15 | DR50: =DQ50-((DN50-DS50)/5) -> 15 | DS50: 15 | DT50: =DS50-((DS50-DX50)/5) -> 15 | DU50: =DT50-((DS50-DX50)/5) -> 15 | DV50: =DU50-((DS50-DX50)/5) -> 15 | DW50: =DV50-((DS50-DX50)/5) -> 15 | DX50: 15 | DY50: =DX50-((DX50-EC50)/5) -> 15 | DZ50: =DY50-((DX50-EC50)/5) -> 15 | EA50: =DZ50-((DX50-EC50)/5) -> 15 | EB50: =EA50-((DX50-EC50)/5) -> 15 | EC50: 15
A51: 2 | B51: Air con - ducted | C51: uptake - original | D51: 0 | E51: =D51 -> 0 | F51: =E51 -> 0 | G51: =F51 -> 0 | H51: 0 | I51: =H51-((H51-M51)/5) -> 0 | J51: =I51-((H51-M51)/5) -> 0 | K51: =J51-((H51-M51)/5) -> 0 | L51: =K51-((H51-M51)/5) -> 0 | M51: 0 | N51: =M51-((M51-R51)/5) -> 0 | O51: =N51-((M51-R51)/5) -> 0 | P51: =O51-((M51-R51)/5) -> 0 | Q51: =P51-((M51-R51)/5) -> 0 | R51: 0 | S51: =R51-((R51-W51)/5) -> 0 | T51: =S51-((R51-W51)/5) -> 0 | U51: =T51-((R51-W51)/5) -> 0 | V51: =U51-((R51-W51)/5) -> 0 | W51: 0 | X51: =W51-((W51-AB51)/5) -> 0 | Y51: =X51-((W51-AB51)/5) -> 0 | Z51: =Y51-((W51-AB51)/5) -> 0 | AA51: =Z51-((W51-AB51)/5) -> 0 | AB51: 0 | AC51: =AB51-((AB51-AG51)/5) -> 0 | AD51: =AC51-((AB51-AG51)/5) -> 0 | AE51: =AD51-((AB51-AG51)/5) -> 0 | AF51: =AE51-((AB51-AG51)/5) -> 0 | AG51: 0 | AH51: =AG51-((AG51-AL51)/5) -> 0 | AI51: =AH51-((AG51-AL51)/5) -> 0 | AJ51: =AI51-((AG51-AL51)/5) -> 0 | AK51: =AJ51-((AG51-AL51)/5) -> 0 | AL51: 0 | AM51: =AL51-((AL51-AQ51)/5) -> 0 | AN51: =AM51-((AL51-AQ51)/5) -> 0 | AO51: =AN51-((AL51-AQ51)/5) -> 0 | AP51: =AO51-((AL51-AQ51)/5) -> 0 | AQ51: 0 | AR51: =AQ51-((AQ51-AV51)/5) -> 0 | AS51: =AR51-((AQ51-AV51)/5) -> 0 | AT51: =AS51-((AQ51-AV51)/5) -> 0 | AU51: =AT51-((AQ51-AV51)/5) -> 0 | AV51: 0 | AW51: =AV51-((AV51-BA51)/5) -> 0 | AX51: =AW51-((AV51-BA51)/5) -> 0 | AY51: =AX51-((AV51-BA51)/5) -> 0 | AZ51: =AY51-((AV51-BA51)/5) -> 0 | BA51: 0 | BB51: =BA51-((BA51-BF51)/5) -> 0 | BC51: =BB51-((BA51-BF51)/5) -> 0 | BD51: =BC51-((BA51-BF51)/5) -> 0 | BE51: =BD51-((BA51-BF51)/5) -> 0 | BF51: 0 | BG51: =BF51-((BF51-BK51)/5) -> 0 | BH51: =BG51-((BF51-BK51)/5) -> 0 | BI51: =BH51-((BF51-BK51)/5) -> 0 | BJ51: =BI51-((BF51-BK51)/5) -> 0 | BK51: 0 | BL51: =BK51-((BK51-BP51)/5) -> 0 | BM51: =BL51-((BK51-BP51)/5) -> 0 | BN51: =BM51-((BK51-BP51)/5) -> 0 | BO51: =BN51-((BK51-BP51)/5) -> 0 | BP51: 0 | BQ51: =BP51-((BP51-BU51)/5) -> 0 | BR51: =BQ51-((BP51-BU51)/5) -> 0 | BS51: =BR51-((BP51-BU51)/5) -> 0 | BT51: =BS51-((BP51-BU51)/5) -> 0 | BU51: 0 | BV51: =BU51-((BU51-BZ51)/5) -> 0 | BW51: =BV51-((BU51-BZ51)/5) -> 0 | BX51: =BW51-((BU51-BZ51)/5) -> 0 | BY51: =BX51-((BU51-BZ51)/5) -> 0 | BZ51: 0 | CA51: =BZ51-((BZ51-CE51)/5) -> 0 | CB51: =CA51-((BZ51-CE51)/5) -> 0 | CC51: =CB51-((BZ51-CE51)/5) -> 0 | CD51: =CC51-((BZ51-CE51)/5) -> 0 | CE51: 0 | CF51: =CE51-((CE51-CJ51)/5) -> 0 | CG51: =CF51-((CE51-CJ51)/5) -> 0 | CH51: =CG51-((CE51-CJ51)/5) -> 0 | CI51: =CH51-((CE51-CJ51)/5) -> 0 | CJ51: 0 | CK51: =CJ51-((CJ51-CO51)/5) -> 0.006 | CL51: =CK51-((CJ51-CO51)/5) -> 0.012 | CM51: =CL51-((CJ51-CO51)/5) -> 0.018 | CN51: =CM51-((CJ51-CO51)/5) -> 0.024 | CO51: 0.03 | CP51: =CO51-((CO51-CT51)/5) -> 0.034 | CQ51: =CP51-((CO51-CT51)/5) -> 0.038 | CR51: =CQ51-((CO51-CT51)/5) -> 0.042 | CS51: =CR51-((CO51-CT51)/5) -> 0.046 | CT51: 0.05 | CU51: =CT51-((CT51-CY51)/5) -> 0.052 | CV51: =CU51-((CT51-CY51)/5) -> 0.054 | CW51: =CV51-((CT51-CY51)/5) -> 0.056 | CX51: =CW51-((CT51-CY51)/5) -> 0.058 | CY51: 0.06 | CZ51: =CY51-((CY51-DD51)/5) -> 0.062 | DA51: =CZ51-((CY51-DD51)/5) -> 0.064 | DB51: =DA51-((CY51-DD51)/5) -> 0.066 | DC51: =DB51-((CY51-DD51)/5) -> 0.068 | DD51: 0.07 | DE51: =DD51-((DD51-DI51)/5) -> 0.072 | DF51: =DE51-((DD51-DI51)/5) -> 0.074 | DG51: =DF51-((DD51-DI51)/5) -> 0.076 | DH51: =DG51-((DD51-DI51)/5) -> 0.078 | DI51: 0.08 | DJ51: =DI51-((DI51-DN51)/5) -> 0.084 | DK51: =DJ51-((DI51-DN51)/5) -> 0.088 | DL51: =DK51-((DI51-DN51)/5) -> 0.092 | DM51: =DL51-((DI51-DN51)/5) -> 0.096 | DN51: 0.1 | DO51: =DN51-((DN51-DS51)/5) -> 0.104 | DP51: =DO51-((DN51-DS51)/5) -> 0.108 | DQ51: =DP51-((DN51-DS51)/5) -> 0.112 | DR51: =DQ51-((DN51-DS51)/5) -> 0.116 | DS51: 0.12 | DT51: =DS51-((DS51-DX51)/5) -> 0.126 | DU51: =DT51-((DS51-DX51)/5) -> 0.132 | DV51: =DU51-((DS51-DX51)/5) -> 0.138 | DW51: =DV51-((DS51-DX51)/5) -> 0.144 | DX51: 0.15 | DY51: =DX51-((DX51-EC51)/5) -> 0.15 | DZ51: =DY51-((DX51-EC51)/5) -> 0.15 | EA51: =DZ51-((DX51-EC51)/5) -> 0.15 | EB51: =EA51-((DX51-EC51)/5) -> 0.15 | EC51: 0.15
C52: uptake - new | D52: 0 | E52: =D52 -> 0 | F52: =E52 -> 0 | G52: =F52 -> 0 | H52: 0 | I52: =H52-((H52-M52)/5) -> 0 | J52: =I52-((H52-M52)/5) -> 0 | K52: =J52-((H52-M52)/5) -> 0 | L52: =K52-((H52-M52)/5) -> 0 | M52: 0 | N52: =M52-((M52-R52)/5) -> 0 | O52: =N52-((M52-R52)/5) -> 0 | P52: =O52-((M52-R52)/5) -> 0 | Q52: =P52-((M52-R52)/5) -> 0 | R52: 0 | S52: =R52-((R52-W52)/5) -> 0 | T52: =S52-((R52-W52)/5) -> 0 | U52: =T52-((R52-W52)/5) -> 0 | V52: =U52-((R52-W52)/5) -> 0 | W52: 0 | X52: =W52-((W52-AB52)/5) -> 0 | Y52: =X52-((W52-AB52)/5) -> 0 | Z52: =Y52-((W52-AB52)/5) -> 0 | AA52: =Z52-((W52-AB52)/5) -> 0 | AB52: 0 | AC52: =AB52-((AB52-AG52)/5) -> 0 | AD52: =AC52-((AB52-AG52)/5) -> 0 | AE52: =AD52-((AB52-AG52)/5) -> 0 | AF52: =AE52-((AB52-AG52)/5) -> 0 | AG52: 0 | AH52: =AG52-((AG52-AL52)/5) -> 0 | AI52: =AH52-((AG52-AL52)/5) -> 0 | AJ52: =AI52-((AG52-AL52)/5) -> 0 | AK52: =AJ52-((AG52-AL52)/5) -> 0 | AL52: 0 | AM52: =AL52-((AL52-AQ52)/5) -> 0 | AN52: =AM52-((AL52-AQ52)/5) -> 0 | AO52: =AN52-((AL52-AQ52)/5) -> 0 | AP52: =AO52-((AL52-AQ52)/5) -> 0 | AQ52: 0 | AR52: =AQ52-((AQ52-AV52)/5) -> 0 | AS52: =AR52-((AQ52-AV52)/5) -> 0 | AT52: =AS52-((AQ52-AV52)/5) -> 0 | AU52: =AT52-((AQ52-AV52)/5) -> 0 | AV52: 0 | AW52: =AV52-((AV52-BA52)/5) -> 0 | AX52: =AW52-((AV52-BA52)/5) -> 0 | AY52: =AX52-((AV52-BA52)/5) -> 0 | AZ52: =AY52-((AV52-BA52)/5) -> 0 | BA52: 0 | BB52: =BA52-((BA52-BF52)/5) -> 0 | BC52: =BB52-((BA52-BF52)/5) -> 0 | BD52: =BC52-((BA52-BF52)/5) -> 0 | BE52: =BD52-((BA52-BF52)/5) -> 0 | BF52: 0 | BG52: =BF52-((BF52-BK52)/5) -> 0 | BH52: =BG52-((BF52-BK52)/5) -> 0 | BI52: =BH52-((BF52-BK52)/5) -> 0 | BJ52: =BI52-((BF52-BK52)/5) -> 0 | BK52: 0 | BL52: =BK52-((BK52-BP52)/5) -> 0 | BM52: =BL52-((BK52-BP52)/5) -> 0 | BN52: =BM52-((BK52-BP52)/5) -> 0 | BO52: =BN52-((BK52-BP52)/5) -> 0 | BP52: 0 | BQ52: =BP52-((BP52-BU52)/5) -> 0 | BR52: =BQ52-((BP52-BU52)/5) -> 0 | BS52: =BR52-((BP52-BU52)/5) -> 0 | BT52: =BS52-((BP52-BU52)/5) -> 0 | BU52: 0 | BV52: =BU52-((BU52-BZ52)/5) -> 0 | BW52: =BV52-((BU52-BZ52)/5) -> 0 | BX52: =BW52-((BU52-BZ52)/5) -> 0 | BY52: =BX52-((BU52-BZ52)/5) -> 0 | BZ52: 0 | CA52: =BZ52-((BZ52-CE52)/5) -> 0 | CB52: =CA52-((BZ52-CE52)/5) -> 0 | CC52: =CB52-((BZ52-CE52)/5) -> 0 | CD52: =CC52-((BZ52-CE52)/5) -> 0 | CE52: 0 | CF52: =CE52-((CE52-CJ52)/5) -> 0 | CG52: =CF52-((CE52-CJ52)/5) -> 0 | CH52: =CG52-((CE52-CJ52)/5) -> 0 | CI52: =CH52-((CE52-CJ52)/5) -> 0 | CJ52: 0 | CK52: =CJ52-((CJ52-CO52)/5) -> 0.006 | CL52: =CK52-((CJ52-CO52)/5) -> 0.012 | CM52: =CL52-((CJ52-CO52)/5) -> 0.018 | CN52: =CM52-((CJ52-CO52)/5) -> 0.024 | CO52: 0.03 | CP52: =CO52-((CO52-CT52)/5) -> 0.034 | CQ52: =CP52-((CO52-CT52)/5) -> 0.038 | CR52: =CQ52-((CO52-CT52)/5) -> 0.042 | CS52: =CR52-((CO52-CT52)/5) -> 0.046 | CT52: 0.05 | CU52: =CT52-((CT52-CY52)/5) -> 0.052 | CV52: =CU52-((CT52-CY52)/5) -> 0.054 | CW52: =CV52-((CT52-CY52)/5) -> 0.056 | CX52: =CW52-((CT52-CY52)/5) -> 0.058 | CY52: 0.06 | CZ52: =CY52-((CY52-DD52)/5) -> 0.062 | DA52: =CZ52-((CY52-DD52)/5) -> 0.064 | DB52: =DA52-((CY52-DD52)/5) -> 0.066 | DC52: =DB52-((CY52-DD52)/5) -> 0.068 | DD52: 0.07 | DE52: =DD52-((DD52-DI52)/5) -> 0.072 | DF52: =DE52-((DD52-DI52)/5) -> 0.074 | DG52: =DF52-((DD52-DI52)/5) -> 0.076 | DH52: =DG52-((DD52-DI52)/5) -> 0.078 | DI52: 0.08 | DJ52: =DI52-((DI52-DN52)/5) -> 0.084 | DK52: =DJ52-((DI52-DN52)/5) -> 0.088 | DL52: =DK52-((DI52-DN52)/5) -> 0.092 | DM52: =DL52-((DI52-DN52)/5) -> 0.096 | DN52: 0.1 | DO52: =DN52-((DN52-DS52)/5) -> 0.104 | DP52: =DO52-((DN52-DS52)/5) -> 0.108 | DQ52: =DP52-((DN52-DS52)/5) -> 0.112 | DR52: =DQ52-((DN52-DS52)/5) -> 0.116 | DS52: 0.12 | DT52: =DS52-((DS52-DX52)/5) -> 0.126 | DU52: =DT52-((DS52-DX52)/5) -> 0.132 | DV52: =DU52-((DS52-DX52)/5) -> 0.138 | DW52: =DV52-((DS52-DX52)/5) -> 0.144 | DX52: 0.15 | DY52: =DX52-((DX52-EC52)/5) -> 0.15 | DZ52: =DY52-((DX52-EC52)/5) -> 0.15 | EA52: =DZ52-((DX52-EC52)/5) -> 0.15 | EB52: =EA52-((DX52-EC52)/5) -> 0.15 | EC52: 0.15
C53: life | D53: 0 | E53: =D53 -> 0 | F53: =E53 -> 0 | G53: =F53 -> 0 | H53: 0 | I53: =H53-((H53-M53)/5) -> 0 | J53: =I53-((H53-M53)/5) -> 0 | K53: =J53-((H53-M53)/5) -> 0 | L53: =K53-((H53-M53)/5) -> 0 | M53: 0 | N53: =M53-((M53-R53)/5) -> 0 | O53: =N53-((M53-R53)/5) -> 0 | P53: =O53-((M53-R53)/5) -> 0 | Q53: =P53-((M53-R53)/5) -> 0 | R53: 0 | S53: =R53-((R53-W53)/5) -> 0 | T53: =S53-((R53-W53)/5) -> 0 | U53: =T53-((R53-W53)/5) -> 0 | V53: =U53-((R53-W53)/5) -> 0 | W53: 0 | X53: =W53-((W53-AB53)/5) -> 0 | Y53: =X53-((W53-AB53)/5) -> 0 | Z53: =Y53-((W53-AB53)/5) -> 0 | AA53: =Z53-((W53-AB53)/5) -> 0 | AB53: 0 | AC53: =AB53-((AB53-AG53)/5) -> 0 | AD53: =AC53-((AB53-AG53)/5) -> 0 | AE53: =AD53-((AB53-AG53)/5) -> 0 | AF53: =AE53-((AB53-AG53)/5) -> 0 | AG53: 0 | AH53: =AG53-((AG53-AL53)/5) -> 0 | AI53: =AH53-((AG53-AL53)/5) -> 0 | AJ53: =AI53-((AG53-AL53)/5) -> 0 | AK53: =AJ53-((AG53-AL53)/5) -> 0 | AL53: 0 | AM53: =AL53-((AL53-AQ53)/5) -> 0 | AN53: =AM53-((AL53-AQ53)/5) -> 0 | AO53: =AN53-((AL53-AQ53)/5) -> 0 | AP53: =AO53-((AL53-AQ53)/5) -> 0 | AQ53: 0 | AR53: =AQ53-((AQ53-AV53)/5) -> 0 | AS53: =AR53-((AQ53-AV53)/5) -> 0 | AT53: =AS53-((AQ53-AV53)/5) -> 0 | AU53: =AT53-((AQ53-AV53)/5) -> 0 | AV53: 0 | AW53: =AV53-((AV53-BA53)/5) -> 0 | AX53: =AW53-((AV53-BA53)/5) -> 0 | AY53: =AX53-((AV53-BA53)/5) -> 0 | AZ53: =AY53-((AV53-BA53)/5) -> 0 | BA53: 0 | BB53: =BA53-((BA53-BF53)/5) -> 0 | BC53: =BB53-((BA53-BF53)/5) -> 0 | BD53: =BC53-((BA53-BF53)/5) -> 0 | BE53: =BD53-((BA53-BF53)/5) -> 0 | BF53: 0 | BG53: =BF53-((BF53-BK53)/5) -> 0 | BH53: =BG53-((BF53-BK53)/5) -> 0 | BI53: =BH53-((BF53-BK53)/5) -> 0 | BJ53: =BI53-((BF53-BK53)/5) -> 0 | BK53: 0 | BL53: =BK53-((BK53-BP53)/5) -> 0 | BM53: =BL53-((BK53-BP53)/5) -> 0 | BN53: =BM53-((BK53-BP53)/5) -> 0 | BO53: =BN53-((BK53-BP53)/5) -> 0 | BP53: 0 | BQ53: =BP53-((BP53-BU53)/5) -> 0 | BR53: =BQ53-((BP53-BU53)/5) -> 0 | BS53: =BR53-((BP53-BU53)/5) -> 0 | BT53: =BS53-((BP53-BU53)/5) -> 0 | BU53: 0 | BV53: =BU53-((BU53-BZ53)/5) -> 0 | BW53: =BV53-((BU53-BZ53)/5) -> 0 | BX53: =BW53-((BU53-BZ53)/5) -> 0 | BY53: =BX53-((BU53-BZ53)/5) -> 0 | BZ53: 0 | CA53: =BZ53-((BZ53-CE53)/5) -> 0 | CB53: =CA53-((BZ53-CE53)/5) -> 0 | CC53: =CB53-((BZ53-CE53)/5) -> 0 | CD53: =CC53-((BZ53-CE53)/5) -> 0 | CE53: 0 | CF53: =CE53-((CE53-CJ53)/5) -> 0 | CG53: =CF53-((CE53-CJ53)/5) -> 0 | CH53: =CG53-((CE53-CJ53)/5) -> 0 | CI53: =CH53-((CE53-CJ53)/5) -> 0 | CJ53: 0 | CK53: =CJ53-((CJ53-CO53)/5) -> 4 | CL53: =CK53-((CJ53-CO53)/5) -> 8 | CM53: =CL53-((CJ53-CO53)/5) -> 12 | CN53: =CM53-((CJ53-CO53)/5) -> 16 | CO53: 20 | CP53: =CO53-((CO53-CT53)/5) -> 20 | CQ53: =CP53-((CO53-CT53)/5) -> 20 | CR53: =CQ53-((CO53-CT53)/5) -> 20 | CS53: =CR53-((CO53-CT53)/5) -> 20 | CT53: 20 | CU53: =CT53-((CT53-CY53)/5) -> 20 | CV53: =CU53-((CT53-CY53)/5) -> 20 | CW53: =CV53-((CT53-CY53)/5) -> 20 | CX53: =CW53-((CT53-CY53)/5) -> 20 | CY53: 20 | CZ53: =CY53-((CY53-DD53)/5) -> 20 | DA53: =CZ53-((CY53-DD53)/5) -> 20 | DB53: =DA53-((CY53-DD53)/5) -> 20 | DC53: =DB53-((CY53-DD53)/5) -> 20 | DD53: 20 | DE53: =DD53-((DD53-DI53)/5) -> 20 | DF53: =DE53-((DD53-DI53)/5) -> 20 | DG53: =DF53-((DD53-DI53)/5) -> 20 | DH53: =DG53-((DD53-DI53)/5) -> 20 | DI53: 20 | DJ53: =DI53-((DI53-DN53)/5) -> 20 | DK53: =DJ53-((DI53-DN53)/5) -> 20 | DL53: =DK53-((DI53-DN53)/5) -> 20 | DM53: =DL53-((DI53-DN53)/5) -> 20 | DN53: 20 | DO53: =DN53-((DN53-DS53)/5) -> 20 | DP53: =DO53-((DN53-DS53)/5) -> 20 | DQ53: =DP53-((DN53-DS53)/5) -> 20 | DR53: =DQ53-((DN53-DS53)/5) -> 20 | DS53: 20 | DT53: =DS53-((DS53-DX53)/5) -> 20 | DU53: =DT53-((DS53-DX53)/5) -> 20 | DV53: =DU53-((DS53-DX53)/5) -> 20 | DW53: =DV53-((DS53-DX53)/5) -> 20 | DX53: 20 | DY53: =DX53-((DX53-EC53)/5) -> 20 | DZ53: =DY53-((DX53-EC53)/5) -> 20 | EA53: =DZ53-((DX53-EC53)/5) -> 20 | EB53: =EA53-((DX53-EC53)/5) -> 20 | EC53: 20
B54: Air con - none | C54: uptake - original | D54: =1-D48-D51 -> 1 | E54: =1-E48-E51 -> 1 | F54: =1-F48-F51 -> 1 | G54: =1-G48-G51 -> 1 | H54: =1-H48-H51 -> 1 | I54: =1-I48-I51 -> 1 | J54: =1-J48-J51 -> 1 | K54: =1-K48-K51 -> 1 | ... EC54: =1-EC48-EC51 -> 0.25
C55: uptake - new | D55: =1-D49-D52 -> 1 | E55: =1-E49-E52 -> 1 | F55: =1-F49-F52 -> 1 | G55: =1-G49-G52 -> 1 | H55: =1-H49-H52 -> 1 | I55: =1-I49-I52 -> 1 | J55: =1-J49-J52 -> 1 | K55: =1-K49-K52 -> 1 | ... EC55: =1-EC49-EC52 -> 0.25
A56: 3 | B56: Bathroom - main | C56: uptake | D56: 1 | E56: =D56 -> 1 | F56: =E56 -> 1 | G56: =F56 -> 1 | H56: 1 | I56: =H56-((H56-M56)/5) -> 1 | J56: =I56-((H56-M56)/5) -> 1 | K56: =J56-((H56-M56)/5) -> 1 | L56: =K56-((H56-M56)/5) -> 1 | M56: 1 | N56: =M56-((M56-R56)/5) -> 1 | O56: =N56-((M56-R56)/5) -> 1 | P56: =O56-((M56-R56)/5) -> 1 | Q56: =P56-((M56-R56)/5) -> 1 | R56: 1 | S56: =R56-((R56-W56)/5) -> 1 | T56: =S56-((R56-W56)/5) -> 1 | U56: =T56-((R56-W56)/5) -> 1 | V56: =U56-((R56-W56)/5) -> 1 | W56: 1 | X56: =W56-((W56-AB56)/5) -> 1 | Y56: =X56-((W56-AB56)/5) -> 1 | Z56: =Y56-((W56-AB56)/5) -> 1 | AA56: =Z56-((W56-AB56)/5) -> 1 | AB56: 1 | AC56: =AB56-((AB56-AG56)/5) -> 1 | AD56: =AC56-((AB56-AG56)/5) -> 1 | AE56: =AD56-((AB56-AG56)/5) -> 1 | AF56: =AE56-((AB56-AG56)/5) -> 1 | AG56: 1 | AH56: =AG56-((AG56-AL56)/5) -> 1 | AI56: =AH56-((AG56-AL56)/5) -> 1 | AJ56: =AI56-((AG56-AL56)/5) -> 1 | AK56: =AJ56-((AG56-AL56)/5) -> 1 | AL56: 1 | AM56: =AL56-((AL56-AQ56)/5) -> 1 | AN56: =AM56-((AL56-AQ56)/5) -> 1 | AO56: =AN56-((AL56-AQ56)/5) -> 1 | AP56: =AO56-((AL56-AQ56)/5) -> 1 | AQ56: 1 | AR56: =AQ56-((AQ56-AV56)/5) -> 1 | AS56: =AR56-((AQ56-AV56)/5) -> 1 | AT56: =AS56-((AQ56-AV56)/5) -> 1 | AU56: =AT56-((AQ56-AV56)/5) -> 1 | AV56: 1 | AW56: =AV56-((AV56-BA56)/5) -> 1 | AX56: =AW56-((AV56-BA56)/5) -> 1 | AY56: =AX56-((AV56-BA56)/5) -> 1 | AZ56: =AY56-((AV56-BA56)/5) -> 1 | BA56: 1 | BB56: =BA56-((BA56-BF56)/5) -> 1 | BC56: =BB56-((BA56-BF56)/5) -> 1 | BD56: =BC56-((BA56-BF56)/5) -> 1 | BE56: =BD56-((BA56-BF56)/5) -> 1 | BF56: 1 | BG56: =BF56-((BF56-BK56)/5) -> 1 | BH56: =BG56-((BF56-BK56)/5) -> 1 | BI56: =BH56-((BF56-BK56)/5) -> 1 | BJ56: =BI56-((BF56-BK56)/5) -> 1 | BK56: 1 | BL56: =BK56-((BK56-BP56)/5) -> 1 | BM56: =BL56-((BK56-BP56)/5) -> 1 | BN56: =BM56-((BK56-BP56)/5) -> 1 | BO56: =BN56-((BK56-BP56)/5) -> 1 | BP56: 1 | BQ56: =BP56-((BP56-BU56)/5) -> 1 | BR56: =BQ56-((BP56-BU56)/5) -> 1 | BS56: =BR56-((BP56-BU56)/5) -> 1 | BT56: =BS56-((BP56-BU56)/5) -> 1 | BU56: 1 | BV56: =BU56-((BU56-BZ56)/5) -> 1 | BW56: =BV56-((BU56-BZ56)/5) -> 1 | BX56: =BW56-((BU56-BZ56)/5) -> 1 | BY56: =BX56-((BU56-BZ56)/5) -> 1 | BZ56: 1 | CA56: =BZ56-((BZ56-CE56)/5) -> 1 | CB56: =CA56-((BZ56-CE56)/5) -> 1 | CC56: =CB56-((BZ56-CE56)/5) -> 1 | CD56: =CC56-((BZ56-CE56)/5) -> 1 | CE56: 1 | CF56: =CE56-((CE56-CJ56)/5) -> 1 | CG56: =CF56-((CE56-CJ56)/5) -> 1 | CH56: =CG56-((CE56-CJ56)/5) -> 1 | CI56: =CH56-((CE56-CJ56)/5) -> 1 | CJ56: 1 | CK56: =CJ56-((CJ56-CO56)/5) -> 1 | CL56: =CK56-((CJ56-CO56)/5) -> 1 | CM56: =CL56-((CJ56-CO56)/5) -> 1 | CN56: =CM56-((CJ56-CO56)/5) -> 1 | CO56: 1 | CP56: =CO56-((CO56-CT56)/5) -> 1 | CQ56: =CP56-((CO56-CT56)/5) -> 1 | CR56: =CQ56-((CO56-CT56)/5) -> 1 | CS56: =CR56-((CO56-CT56)/5) -> 1 | CT56: 1 | CU56: =CT56-((CT56-CY56)/5) -> 1 | CV56: =CU56-((CT56-CY56)/5) -> 1 | CW56: =CV56-((CT56-CY56)/5) -> 1 | CX56: =CW56-((CT56-CY56)/5) -> 1 | CY56: 1 | CZ56: =CY56-((CY56-DD56)/5) -> 1 | DA56: =CZ56-((CY56-DD56)/5) -> 1 | DB56: =DA56-((CY56-DD56)/5) -> 1 | DC56: =DB56-((CY56-DD56)/5) -> 1 | DD56: 1 | DE56: =DD56-((DD56-DI56)/5) -> 1 | DF56: =DE56-((DD56-DI56)/5) -> 1 | DG56: =DF56-((DD56-DI56)/5) -> 1 | DH56: =DG56-((DD56-DI56)/5) -> 1 | DI56: 1 | DJ56: =DI56-((DI56-DN56)/5) -> 1 | DK56: =DJ56-((DI56-DN56)/5) -> 1 | DL56: =DK56-((DI56-DN56)/5) -> 1 | DM56: =DL56-((DI56-DN56)/5) -> 1 | DN56: 1 | DO56: =DN56-((DN56-DS56)/5) -> 1 | DP56: =DO56-((DN56-DS56)/5) -> 1 | DQ56: =DP56-((DN56-DS56)/5) -> 1 | DR56: =DQ56-((DN56-DS56)/5) -> 1 | DS56: 1 | DT56: =DS56-((DS56-DX56)/5) -> 1 | DU56: =DT56-((DS56-DX56)/5) -> 1 | DV56: =DU56-((DS56-DX56)/5) -> 1 | DW56: =DV56-((DS56-DX56)/5) -> 1 | DX56: 1 | DY56: =DX56-((DX56-EC56)/5) -> 1 | DZ56: =DY56-((DX56-EC56)/5) -> 1 | EA56: =DZ56-((DX56-EC56)/5) -> 1 | EB56: =EA56-((DX56-EC56)/5) -> 1 | EC56: 1
C57: life | D57: 40 | E57: =D57 -> 40 | F57: =E57 -> 40 | G57: =F57 -> 40 | H57: 40 | I57: =H57-((H57-M57)/5) -> 40 | J57: =I57-((H57-M57)/5) -> 40 | K57: =J57-((H57-M57)/5) -> 40 | L57: =K57-((H57-M57)/5) -> 40 | M57: 40 | N57: =M57-((M57-R57)/5) -> 40 | O57: =N57-((M57-R57)/5) -> 40 | P57: =O57-((M57-R57)/5) -> 40 | Q57: =P57-((M57-R57)/5) -> 40 | R57: 40 | S57: =R57-((R57-W57)/5) -> 40 | T57: =S57-((R57-W57)/5) -> 40 | U57: =T57-((R57-W57)/5) -> 40 | V57: =U57-((R57-W57)/5) -> 40 | W57: 40 | X57: =W57-((W57-AB57)/5) -> 39 | Y57: =X57-((W57-AB57)/5) -> 38 | Z57: =Y57-((W57-AB57)/5) -> 37 | AA57: =Z57-((W57-AB57)/5) -> 36 | AB57: 35 | AC57: =AB57-((AB57-AG57)/5) -> 35 | AD57: =AC57-((AB57-AG57)/5) -> 35 | AE57: =AD57-((AB57-AG57)/5) -> 35 | AF57: =AE57-((AB57-AG57)/5) -> 35 | AG57: 35 | AH57: =AG57-((AG57-AL57)/5) -> 35 | AI57: =AH57-((AG57-AL57)/5) -> 35 | AJ57: =AI57-((AG57-AL57)/5) -> 35 | AK57: =AJ57-((AG57-AL57)/5) -> 35 | AL57: 35 | AM57: =AL57-((AL57-AQ57)/5) -> 35 | AN57: =AM57-((AL57-AQ57)/5) -> 35 | AO57: =AN57-((AL57-AQ57)/5) -> 35 | AP57: =AO57-((AL57-AQ57)/5) -> 35 | AQ57: 35 | AR57: =AQ57-((AQ57-AV57)/5) -> 35 | AS57: =AR57-((AQ57-AV57)/5) -> 35 | AT57: =AS57-((AQ57-AV57)/5) -> 35 | AU57: =AT57-((AQ57-AV57)/5) -> 35 | AV57: 35 | AW57: =AV57-((AV57-BA57)/5) -> 35 | AX57: =AW57-((AV57-BA57)/5) -> 35 | AY57: =AX57-((AV57-BA57)/5) -> 35 | AZ57: =AY57-((AV57-BA57)/5) -> 35 | BA57: 35 | BB57: =BA57-((BA57-BF57)/5) -> 35 | BC57: =BB57-((BA57-BF57)/5) -> 35 | BD57: =BC57-((BA57-BF57)/5) -> 35 | BE57: =BD57-((BA57-BF57)/5) -> 35 | BF57: 35 | BG57: =BF57-((BF57-BK57)/5) -> 35 | BH57: =BG57-((BF57-BK57)/5) -> 35 | BI57: =BH57-((BF57-BK57)/5) -> 35 | BJ57: =BI57-((BF57-BK57)/5) -> 35 | BK57: 35 | BL57: =BK57-((BK57-BP57)/5) -> 35 | BM57: =BL57-((BK57-BP57)/5) -> 35 | BN57: =BM57-((BK57-BP57)/5) -> 35 | BO57: =BN57-((BK57-BP57)/5) -> 35 | BP57: 35 | BQ57: =BP57-((BP57-BU57)/5) -> 35 | BR57: =BQ57-((BP57-BU57)/5) -> 35 | BS57: =BR57-((BP57-BU57)/5) -> 35 | BT57: =BS57-((BP57-BU57)/5) -> 35 | BU57: 35 | BV57: =BU57-((BU57-BZ57)/5) -> 35 | BW57: =BV57-((BU57-BZ57)/5) -> 35 | BX57: =BW57-((BU57-BZ57)/5) -> 35 | BY57: =BX57-((BU57-BZ57)/5) -> 35 | BZ57: 35 | CA57: =BZ57-((BZ57-CE57)/5) -> 35 | CB57: =CA57-((BZ57-CE57)/5) -> 35 | CC57: =CB57-((BZ57-CE57)/5) -> 35 | CD57: =CC57-((BZ57-CE57)/5) -> 35 | CE57: 35 | CF57: =CE57-((CE57-CJ57)/5) -> 35 | CG57: =CF57-((CE57-CJ57)/5) -> 35 | CH57: =CG57-((CE57-CJ57)/5) -> 35 | CI57: =CH57-((CE57-CJ57)/5) -> 35 | CJ57: 35 | CK57: =CJ57-((CJ57-CO57)/5) -> 35 | CL57: =CK57-((CJ57-CO57)/5) -> 35 | CM57: =CL57-((CJ57-CO57)/5) -> 35 | CN57: =CM57-((CJ57-CO57)/5) -> 35 | CO57: 35 | CP57: =CO57-((CO57-CT57)/5) -> 35 | CQ57: =CP57-((CO57-CT57)/5) -> 35 | CR57: =CQ57-((CO57-CT57)/5) -> 35 | CS57: =CR57-((CO57-CT57)/5) -> 35 | CT57: 35 | CU57: =CT57-((CT57-CY57)/5) -> 35 | CV57: =CU57-((CT57-CY57)/5) -> 35 | CW57: =CV57-((CT57-CY57)/5) -> 35 | CX57: =CW57-((CT57-CY57)/5) -> 35 | CY57: 35 | CZ57: =CY57-((CY57-DD57)/5) -> 34 | DA57: =CZ57-((CY57-DD57)/5) -> 33 | DB57: =DA57-((CY57-DD57)/5) -> 32 | DC57: =DB57-((CY57-DD57)/5) -> 31 | DD57: 30 | DE57: =DD57-((DD57-DI57)/5) -> 30 | DF57: =DE57-((DD57-DI57)/5) -> 30 | DG57: =DF57-((DD57-DI57)/5) -> 30 | DH57: =DG57-((DD57-DI57)/5) -> 30 | DI57: 30 | DJ57: =DI57-((DI57-DN57)/5) -> 30 | DK57: =DJ57-((DI57-DN57)/5) -> 30 | DL57: =DK57-((DI57-DN57)/5) -> 30 | DM57: =DL57-((DI57-DN57)/5) -> 30 | DN57: 30 | DO57: =DN57-((DN57-DS57)/5) -> 30 | DP57: =DO57-((DN57-DS57)/5) -> 30 | DQ57: =DP57-((DN57-DS57)/5) -> 30 | DR57: =DQ57-((DN57-DS57)/5) -> 30 | DS57: 30 | DT57: =DS57-((DS57-DX57)/5) -> 30 | DU57: =DT57-((DS57-DX57)/5) -> 30 | DV57: =DU57-((DS57-DX57)/5) -> 30 | DW57: =DV57-((DS57-DX57)/5) -> 30 | DX57: 30 | DY57: =DX57-((DX57-EC57)/5) -> 30 | DZ57: =DY57-((DX57-EC57)/5) -> 30 | EA57: =DZ57-((DX57-EC57)/5) -> 30 | EB57: =EA57-((DX57-EC57)/5) -> 30 | EC57: 30
A58: 4 | B58: Bathroom - ensuite | C58: uptake - original | D58: 0 | E58: =D58 -> 0 | F58: =E58 -> 0 | G58: =F58 -> 0 | H58: 0 | I58: =H58-((H58-M58)/5) -> 0 | J58: =I58-((H58-M58)/5) -> 0 | K58: =J58-((H58-M58)/5) -> 0 | L58: =K58-((H58-M58)/5) -> 0 | M58: 0 | N58: =M58-((M58-R58)/5) -> 0 | O58: =N58-((M58-R58)/5) -> 0 | P58: =O58-((M58-R58)/5) -> 0 | Q58: =P58-((M58-R58)/5) -> 0 | R58: 0 | S58: =R58-((R58-W58)/5) -> 0 | T58: =S58-((R58-W58)/5) -> 0 | U58: =T58-((R58-W58)/5) -> 0 | V58: =U58-((R58-W58)/5) -> 0 | W58: 0 | X58: =W58-((W58-AB58)/5) -> 0 | Y58: =X58-((W58-AB58)/5) -> 0 | Z58: =Y58-((W58-AB58)/5) -> 0 | AA58: =Z58-((W58-AB58)/5) -> 0 | AB58: 0 | AC58: =AB58-((AB58-AG58)/5) -> 0 | AD58: =AC58-((AB58-AG58)/5) -> 0 | AE58: =AD58-((AB58-AG58)/5) -> 0 | AF58: =AE58-((AB58-AG58)/5) -> 0 | AG58: 0 | AH58: =AG58-((AG58-AL58)/5) -> 0 | AI58: =AH58-((AG58-AL58)/5) -> 0 | AJ58: =AI58-((AG58-AL58)/5) -> 0 | AK58: =AJ58-((AG58-AL58)/5) -> 0 | AL58: 0 | AM58: =AL58-((AL58-AQ58)/5) -> 0 | AN58: =AM58-((AL58-AQ58)/5) -> 0 | AO58: =AN58-((AL58-AQ58)/5) -> 0 | AP58: =AO58-((AL58-AQ58)/5) -> 0 | AQ58: 0 | AR58: =AQ58-((AQ58-AV58)/5) -> 0 | AS58: =AR58-((AQ58-AV58)/5) -> 0 | AT58: =AS58-((AQ58-AV58)/5) -> 0 | AU58: =AT58-((AQ58-AV58)/5) -> 0 | AV58: 0 | AW58: =AV58-((AV58-BA58)/5) -> 0 | AX58: =AW58-((AV58-BA58)/5) -> 0 | AY58: =AX58-((AV58-BA58)/5) -> 0 | AZ58: =AY58-((AV58-BA58)/5) -> 0 | BA58: 0 | BB58: =BA58-((BA58-BF58)/5) -> 0 | BC58: =BB58-((BA58-BF58)/5) -> 0 | BD58: =BC58-((BA58-BF58)/5) -> 0 | BE58: =BD58-((BA58-BF58)/5) -> 0 | BF58: 0 | BG58: =BF58-((BF58-BK58)/5) -> 0 | BH58: =BG58-((BF58-BK58)/5) -> 0 | BI58: =BH58-((BF58-BK58)/5) -> 0 | BJ58: =BI58-((BF58-BK58)/5) -> 0 | BK58: 0 | BL58: =BK58-((BK58-BP58)/5) -> 0 | BM58: =BL58-((BK58-BP58)/5) -> 0 | BN58: =BM58-((BK58-BP58)/5) -> 0 | BO58: =BN58-((BK58-BP58)/5) -> 0 | BP58: 0 | BQ58: =BP58-((BP58-BU58)/5) -> 0.01 | BR58: =BQ58-((BP58-BU58)/5) -> 0.02 | BS58: =BR58-((BP58-BU58)/5) -> 0.03 | BT58: =BS58-((BP58-BU58)/5) -> 0.04 | BU58: 0.05 | BV58: =BU58-((BU58-BZ58)/5) -> 0.05 | BW58: =BV58-((BU58-BZ58)/5) -> 0.05 | BX58: =BW58-((BU58-BZ58)/5) -> 0.05 | BY58: =BX58-((BU58-BZ58)/5) -> 0.05 | BZ58: 0.05 | CA58: =BZ58-((BZ58-CE58)/5) -> 0.054 | CB58: =CA58-((BZ58-CE58)/5) -> 0.058 | CC58: =CB58-((BZ58-CE58)/5) -> 0.062 | CD58: =CC58-((BZ58-CE58)/5) -> 0.066 | CE58: 0.07 | CF58: =CE58-((CE58-CJ58)/5) -> 0.076 | CG58: =CF58-((CE58-CJ58)/5) -> 0.082 | CH58: =CG58-((CE58-CJ58)/5) -> 0.088 | CI58: =CH58-((CE58-CJ58)/5) -> 0.094 | CJ58: 0.1 | CK58: =CJ58-((CJ58-CO58)/5) -> 0.106 | CL58: =CK58-((CJ58-CO58)/5) -> 0.112 | CM58: =CL58-((CJ58-CO58)/5) -> 0.118 | CN58: =CM58-((CJ58-CO58)/5) -> 0.124 | CO58: 0.13 | CP58: =CO58-((CO58-CT58)/5) -> 0.134 | CQ58: =CP58-((CO58-CT58)/5) -> 0.138 | CR58: =CQ58-((CO58-CT58)/5) -> 0.142 | CS58: =CR58-((CO58-CT58)/5) -> 0.146 | CT58: 0.15 | CU58: =CT58-((CT58-CY58)/5) -> 0.16 | CV58: =CU58-((CT58-CY58)/5) -> 0.17 | CW58: =CV58-((CT58-CY58)/5) -> 0.18 | CX58: =CW58-((CT58-CY58)/5) -> 0.19 | CY58: 0.2 | CZ58: =CY58-((CY58-DD58)/5) -> 0.2 | DA58: =CZ58-((CY58-DD58)/5) -> 0.2 | DB58: =DA58-((CY58-DD58)/5) -> 0.2 | DC58: =DB58-((CY58-DD58)/5) -> 0.2 | DD58: 0.2 | DE58: =DD58-((DD58-DI58)/5) -> 0.21 | DF58: =DE58-((DD58-DI58)/5) -> 0.22 | DG58: =DF58-((DD58-DI58)/5) -> 0.23 | DH58: =DG58-((DD58-DI58)/5) -> 0.24 | DI58: 0.25 | DJ58: =DI58-((DI58-DN58)/5) -> 0.25 | DK58: =DJ58-((DI58-DN58)/5) -> 0.25 | DL58: =DK58-((DI58-DN58)/5) -> 0.25 | DM58: =DL58-((DI58-DN58)/5) -> 0.25 | DN58: 0.25 | DO58: =DN58-((DN58-DS58)/5) -> 0.26 | DP58: =DO58-((DN58-DS58)/5) -> 0.27 | DQ58: =DP58-((DN58-DS58)/5) -> 0.28 | DR58: =DQ58-((DN58-DS58)/5) -> 0.29 | DS58: 0.3 | DT58: =DS58-((DS58-DX58)/5) -> 0.3 | DU58: =DT58-((DS58-DX58)/5) -> 0.3 | DV58: =DU58-((DS58-DX58)/5) -> 0.3 | DW58: =DV58-((DS58-DX58)/5) -> 0.3 | DX58: 0.3 | DY58: =DX58-((DX58-EC58)/5) -> 0.3 | DZ58: =DY58-((DX58-EC58)/5) -> 0.3 | EA58: =DZ58-((DX58-EC58)/5) -> 0.3 | EB58: =EA58-((DX58-EC58)/5) -> 0.3 | EC58: 0.3
C59: uptake - new | D59: 0 | E59: =D59 -> 0 | F59: =E59 -> 0 | G59: =F59 -> 0 | H59: 0 | I59: =H59-((H59-M59)/5) -> 0 | J59: =I59-((H59-M59)/5) -> 0 | K59: =J59-((H59-M59)/5) -> 0 | L59: =K59-((H59-M59)/5) -> 0 | M59: 0 | N59: =M59-((M59-R59)/5) -> 0 | O59: =N59-((M59-R59)/5) -> 0 | P59: =O59-((M59-R59)/5) -> 0 | Q59: =P59-((M59-R59)/5) -> 0 | R59: 0 | S59: =R59-((R59-W59)/5) -> 0 | T59: =S59-((R59-W59)/5) -> 0 | U59: =T59-((R59-W59)/5) -> 0 | V59: =U59-((R59-W59)/5) -> 0 | W59: 0 | X59: =W59-((W59-AB59)/5) -> 0 | Y59: =X59-((W59-AB59)/5) -> 0 | Z59: =Y59-((W59-AB59)/5) -> 0 | AA59: =Z59-((W59-AB59)/5) -> 0 | AB59: 0 | AC59: =AB59-((AB59-AG59)/5) -> 0 | AD59: =AC59-((AB59-AG59)/5) -> 0 | AE59: =AD59-((AB59-AG59)/5) -> 0 | AF59: =AE59-((AB59-AG59)/5) -> 0 | AG59: 0 | AH59: =AG59-((AG59-AL59)/5) -> 0 | AI59: =AH59-((AG59-AL59)/5) -> 0 | AJ59: =AI59-((AG59-AL59)/5) -> 0 | AK59: =AJ59-((AG59-AL59)/5) -> 0 | AL59: 0 | AM59: =AL59-((AL59-AQ59)/5) -> 0 | AN59: =AM59-((AL59-AQ59)/5) -> 0 | AO59: =AN59-((AL59-AQ59)/5) -> 0 | AP59: =AO59-((AL59-AQ59)/5) -> 0 | AQ59: 0 | AR59: =AQ59-((AQ59-AV59)/5) -> 0 | AS59: =AR59-((AQ59-AV59)/5) -> 0 | AT59: =AS59-((AQ59-AV59)/5) -> 0 | AU59: =AT59-((AQ59-AV59)/5) -> 0 | AV59: 0 | AW59: =AV59-((AV59-BA59)/5) -> 0 | AX59: =AW59-((AV59-BA59)/5) -> 0 | AY59: =AX59-((AV59-BA59)/5) -> 0 | AZ59: =AY59-((AV59-BA59)/5) -> 0 | BA59: 0 | BB59: =BA59-((BA59-BF59)/5) -> 0.01 | BC59: =BB59-((BA59-BF59)/5) -> 0.02 | BD59: =BC59-((BA59-BF59)/5) -> 0.03 | BE59: =BD59-((BA59-BF59)/5) -> 0.04 | BF59: 0.05 | BG59: =BF59-((BF59-BK59)/5) -> 0.07 | BH59: =BG59-((BF59-BK59)/5) -> 0.09 | BI59: =BH59-((BF59-BK59)/5) -> 0.11 | BJ59: =BI59-((BF59-BK59)/5) -> 0.13 | BK59: 0.15 | BL59: =BK59-((BK59-BP59)/5) -> 0.164 | BM59: =BL59-((BK59-BP59)/5) -> 0.178 | BN59: =BM59-((BK59-BP59)/5) -> 0.192 | BO59: =BN59-((BK59-BP59)/5) -> 0.206 | BP59: 0.22 | BQ59: =BP59-((BP59-BU59)/5) -> 0.236 | BR59: =BQ59-((BP59-BU59)/5) -> 0.252 | BS59: =BR59-((BP59-BU59)/5) -> 0.268 | BT59: =BS59-((BP59-BU59)/5) -> 0.284 | BU59: 0.3 | BV59: =BU59-((BU59-BZ59)/5) -> 0.32 | BW59: =BV59-((BU59-BZ59)/5) -> 0.34 | BX59: =BW59-((BU59-BZ59)/5) -> 0.36 | BY59: =BX59-((BU59-BZ59)/5) -> 0.38 | BZ59: 0.4 | CA59: =BZ59-((BZ59-CE59)/5) -> 0.43 | CB59: =CA59-((BZ59-CE59)/5) -> 0.46 | CC59: =CB59-((BZ59-CE59)/5) -> 0.49 | CD59: =CC59-((BZ59-CE59)/5) -> 0.52 | CE59: 0.55 | CF59: =CE59-((CE59-CJ59)/5) -> 0.57 | CG59: =CF59-((CE59-CJ59)/5) -> 0.59 | CH59: =CG59-((CE59-CJ59)/5) -> 0.61 | CI59: =CH59-((CE59-CJ59)/5) -> 0.63 | CJ59: 0.65 | CK59: =CJ59-((CJ59-CO59)/5) -> 0.66 | CL59: =CK59-((CJ59-CO59)/5) -> 0.67 | CM59: =CL59-((CJ59-CO59)/5) -> 0.68 | CN59: =CM59-((CJ59-CO59)/5) -> 0.69 | CO59: 0.7 | CP59: =CO59-((CO59-CT59)/5) -> 0.71 | CQ59: =CP59-((CO59-CT59)/5) -> 0.72 | CR59: =CQ59-((CO59-CT59)/5) -> 0.73 | CS59: =CR59-((CO59-CT59)/5) -> 0.74 | CT59: 0.75 | CU59: =CT59-((CT59-CY59)/5) -> 0.75 | CV59: =CU59-((CT59-CY59)/5) -> 0.75 | CW59: =CV59-((CT59-CY59)/5) -> 0.75 | CX59: =CW59-((CT59-CY59)/5) -> 0.75 | CY59: 0.75 | CZ59: =CY59-((CY59-DD59)/5) -> 0.75 | DA59: =CZ59-((CY59-DD59)/5) -> 0.75 | DB59: =DA59-((CY59-DD59)/5) -> 0.75 | DC59: =DB59-((CY59-DD59)/5) -> 0.75 | DD59: 0.75 | DE59: =DD59-((DD59-DI59)/5) -> 0.75 | DF59: =DE59-((DD59-DI59)/5) -> 0.75 | DG59: =DF59-((DD59-DI59)/5) -> 0.75 | DH59: =DG59-((DD59-DI59)/5) -> 0.75 | DI59: 0.75 | DJ59: =DI59-((DI59-DN59)/5) -> 0.75 | DK59: =DJ59-((DI59-DN59)/5) -> 0.75 | DL59: =DK59-((DI59-DN59)/5) -> 0.75 | DM59: =DL59-((DI59-DN59)/5) -> 0.75 | DN59: 0.75 | DO59: =DN59-((DN59-DS59)/5) -> 0.75 | DP59: =DO59-((DN59-DS59)/5) -> 0.75 | DQ59: =DP59-((DN59-DS59)/5) -> 0.75 | DR59: =DQ59-((DN59-DS59)/5) -> 0.75 | DS59: 0.75 | DT59: =DS59-((DS59-DX59)/5) -> 0.75 | DU59: =DT59-((DS59-DX59)/5) -> 0.75 | DV59: =DU59-((DS59-DX59)/5) -> 0.75 | DW59: =DV59-((DS59-DX59)/5) -> 0.75 | DX59: 0.75 | DY59: =DX59-((DX59-EC59)/5) -> 0.75 | DZ59: =DY59-((DX59-EC59)/5) -> 0.75 | EA59: =DZ59-((DX59-EC59)/5) -> 0.75 | EB59: =EA59-((DX59-EC59)/5) -> 0.75 | EC59: 0.75
C60: life | D60: 40 | E60: =D60 -> 40 | F60: =E60 -> 40 | G60: =F60 -> 40 | H60: 40 | I60: =H60-((H60-M60)/5) -> 40 | J60: =I60-((H60-M60)/5) -> 40 | K60: =J60-((H60-M60)/5) -> 40 | L60: =K60-((H60-M60)/5) -> 40 | M60: 40 | N60: =M60-((M60-R60)/5) -> 40 | O60: =N60-((M60-R60)/5) -> 40 | P60: =O60-((M60-R60)/5) -> 40 | Q60: =P60-((M60-R60)/5) -> 40 | R60: 40 | S60: =R60-((R60-W60)/5) -> 40 | T60: =S60-((R60-W60)/5) -> 40 | U60: =T60-((R60-W60)/5) -> 40 | V60: =U60-((R60-W60)/5) -> 40 | W60: 40 | X60: =W60-((W60-AB60)/5) -> 39 | Y60: =X60-((W60-AB60)/5) -> 38 | Z60: =Y60-((W60-AB60)/5) -> 37 | AA60: =Z60-((W60-AB60)/5) -> 36 | AB60: 35 | AC60: =AB60-((AB60-AG60)/5) -> 35 | AD60: =AC60-((AB60-AG60)/5) -> 35 | AE60: =AD60-((AB60-AG60)/5) -> 35 | AF60: =AE60-((AB60-AG60)/5) -> 35 | AG60: 35 | AH60: =AG60-((AG60-AL60)/5) -> 35 | AI60: =AH60-((AG60-AL60)/5) -> 35 | AJ60: =AI60-((AG60-AL60)/5) -> 35 | AK60: =AJ60-((AG60-AL60)/5) -> 35 | AL60: 35 | AM60: =AL60-((AL60-AQ60)/5) -> 35 | AN60: =AM60-((AL60-AQ60)/5) -> 35 | AO60: =AN60-((AL60-AQ60)/5) -> 35 | AP60: =AO60-((AL60-AQ60)/5) -> 35 | AQ60: 35 | AR60: =AQ60-((AQ60-AV60)/5) -> 35 | AS60: =AR60-((AQ60-AV60)/5) -> 35 | AT60: =AS60-((AQ60-AV60)/5) -> 35 | AU60: =AT60-((AQ60-AV60)/5) -> 35 | AV60: 35 | AW60: =AV60-((AV60-BA60)/5) -> 35 | AX60: =AW60-((AV60-BA60)/5) -> 35 | AY60: =AX60-((AV60-BA60)/5) -> 35 | AZ60: =AY60-((AV60-BA60)/5) -> 35 | BA60: 35 | BB60: =BA60-((BA60-BF60)/5) -> 35 | BC60: =BB60-((BA60-BF60)/5) -> 35 | BD60: =BC60-((BA60-BF60)/5) -> 35 | BE60: =BD60-((BA60-BF60)/5) -> 35 | BF60: 35 | BG60: =BF60-((BF60-BK60)/5) -> 35 | BH60: =BG60-((BF60-BK60)/5) -> 35 | BI60: =BH60-((BF60-BK60)/5) -> 35 | BJ60: =BI60-((BF60-BK60)/5) -> 35 | BK60: 35 | BL60: =BK60-((BK60-BP60)/5) -> 35 | BM60: =BL60-((BK60-BP60)/5) -> 35 | BN60: =BM60-((BK60-BP60)/5) -> 35 | BO60: =BN60-((BK60-BP60)/5) -> 35 | BP60: 35 | BQ60: =BP60-((BP60-BU60)/5) -> 35 | BR60: =BQ60-((BP60-BU60)/5) -> 35 | BS60: =BR60-((BP60-BU60)/5) -> 35 | BT60: =BS60-((BP60-BU60)/5) -> 35 | BU60: 35 | BV60: =BU60-((BU60-BZ60)/5) -> 35 | BW60: =BV60-((BU60-BZ60)/5) -> 35 | BX60: =BW60-((BU60-BZ60)/5) -> 35 | BY60: =BX60-((BU60-BZ60)/5) -> 35 | BZ60: 35 | CA60: =BZ60-((BZ60-CE60)/5) -> 35 | CB60: =CA60-((BZ60-CE60)/5) -> 35 | CC60: =CB60-((BZ60-CE60)/5) -> 35 | CD60: =CC60-((BZ60-CE60)/5) -> 35 | CE60: 35 | CF60: =CE60-((CE60-CJ60)/5) -> 35 | CG60: =CF60-((CE60-CJ60)/5) -> 35 | CH60: =CG60-((CE60-CJ60)/5) -> 35 | CI60: =CH60-((CE60-CJ60)/5) -> 35 | CJ60: 35 | CK60: =CJ60-((CJ60-CO60)/5) -> 34 | CL60: =CK60-((CJ60-CO60)/5) -> 33 | CM60: =CL60-((CJ60-CO60)/5) -> 32 | CN60: =CM60-((CJ60-CO60)/5) -> 31 | CO60: 30 | CP60: =CO60-((CO60-CT60)/5) -> 30 | CQ60: =CP60-((CO60-CT60)/5) -> 30 | CR60: =CQ60-((CO60-CT60)/5) -> 30 | CS60: =CR60-((CO60-CT60)/5) -> 30 | CT60: 30 | CU60: =CT60-((CT60-CY60)/5) -> 30 | CV60: =CU60-((CT60-CY60)/5) -> 30 | CW60: =CV60-((CT60-CY60)/5) -> 30 | CX60: =CW60-((CT60-CY60)/5) -> 30 | CY60: 30 | CZ60: =CY60-((CY60-DD60)/5) -> 29 | DA60: =CZ60-((CY60-DD60)/5) -> 28 | DB60: =DA60-((CY60-DD60)/5) -> 27 | DC60: =DB60-((CY60-DD60)/5) -> 26 | DD60: 25 | DE60: =DD60-((DD60-DI60)/5) -> 25 | DF60: =DE60-((DD60-DI60)/5) -> 25 | DG60: =DF60-((DD60-DI60)/5) -> 25 | DH60: =DG60-((DD60-DI60)/5) -> 25 | DI60: 25 | DJ60: =DI60-((DI60-DN60)/5) -> 25 | DK60: =DJ60-((DI60-DN60)/5) -> 25 | DL60: =DK60-((DI60-DN60)/5) -> 25 | DM60: =DL60-((DI60-DN60)/5) -> 25 | DN60: 25 | DO60: =DN60-((DN60-DS60)/5) -> 25 | DP60: =DO60-((DN60-DS60)/5) -> 25 | DQ60: =DP60-((DN60-DS60)/5) -> 25 | DR60: =DQ60-((DN60-DS60)/5) -> 25 | DS60: 25 | DT60: =DS60-((DS60-DX60)/5) -> 25 | DU60: =DT60-((DS60-DX60)/5) -> 25 | DV60: =DU60-((DS60-DX60)/5) -> 25 | DW60: =DV60-((DS60-DX60)/5) -> 25 | DX60: 25 | DY60: =DX60-((DX60-EC60)/5) -> 25 | DZ60: =DY60-((DX60-EC60)/5) -> 25 | EA60: =DZ60-((DX60-EC60)/5) -> 25 | EB60: =EA60-((DX60-EC60)/5) -> 25 | EC60: 25
A61: 5 | B61: Flooring - timber | C61: uptake - original | D61: 0 | E61: =D61 -> 0 | F61: =E61 -> 0 | G61: =F61 -> 0 | H61: =G61 -> 0 | I61: =H61 -> 0 | J61: =I61 -> 0 | K61: =J61 -> 0 | L61: =K61 -> 0 | ... DY61: =DX61 -> 0
C62: uptake - new | D62: 0.35
C63: life | D63: 0 | E63: =D63 -> 0 | F63: =E63 -> 0 | G63: =F63 -> 0 | H63: =G63 -> 0 | I63: =H63 -> 0 | J63: =I63 -> 0 | K63: =J63 -> 0 | L63: =K63 -> 0 | ... DY63: =DX63 -> 0
A64: 6 | B64: Flooring - carpet | C64: uptake - original | D64: 0 | E64: =D64 -> 0 | F64: =E64 -> 0 | G64: =F64 -> 0 | H64: =G64 -> 0 | I64: =H64 -> 0 | J64: =I64 -> 0 | K64: =J64 -> 0 | L64: =K64 -> 0 | ... DY64: =DX64 -> 0
C65: uptake - new | D65: 0.36 | E65: =D65 -> 0.36 | F65: =E65 -> 0.36 | G65: =F65 -> 0.36
C66: life | D66: 0 | E66: =D66 -> 0 | F66: =E66 -> 0 | G66: =F66 -> 0 | H66: =G66 -> 0 | I66: =H66 -> 0 | J66: =I66 -> 0 | K66: =J66 -> 0 | L66: =K66 -> 0 | ... DY66: =DX66 -> 0
A67: 7 | B67: Flooring - ceramic tile | C67: uptake - original | D67: 0 | E67: =D67 -> 0 | F67: =E67 -> 0 | G67: =F67 -> 0 | H67: =G67 -> 0 | I67: =H67 -> 0 | J67: =I67 -> 0 | K67: =J67 -> 0 | L67: =K67 -> 0 | ... DY67: =DX67 -> 0
C68: uptake - new | D68: 0.37 | E68: =D68 -> 0.37 | F68: =E68 -> 0.37 | G68: =F68 -> 0.37 | H68: =G68 -> 0.37 | I68: =H68 -> 0.37 | J68: =I68 -> 0.37 | K68: =J68 -> 0.37 | L68: =K68 -> 0.37 | ... DY68: =DX68 -> 0.37
C69: life | D69: 0 | E69: =D69 -> 0 | F69: =E69 -> 0 | G69: =F69 -> 0 | H69: =G69 -> 0 | I69: =H69 -> 0 | J69: =I69 -> 0 | K69: =J69 -> 0 | L69: =K69 -> 0 | ... DY69: =DX69 -> 0
A70: 8 | B70: Flooring - vinyl tile | C70: uptake - original | D70: 0 | E70: =D70 -> 0 | F70: =E70 -> 0 | G70: =F70 -> 0 | H70: =G70 -> 0 | I70: =H70 -> 0 | J70: =I70 -> 0 | K70: =J70 -> 0 | L70: =K70 -> 0 | ... DY70: =DX70 -> 0
C71: uptake - new | D71: 0.38 | E71: =D71 -> 0.38 | F71: =E71 -> 0.38 | G71: =F71 -> 0.38 | H71: =G71 -> 0.38 | I71: =H71 -> 0.38 | J71: =I71 -> 0.38 | K71: =J71 -> 0.38 | L71: =K71 -> 0.38 | ... DY71: =DX71 -> 0.38
C72: life | D72: 0 | E72: =D72 -> 0 | F72: =E72 -> 0 | G72: =F72 -> 0 | H72: =G72 -> 0 | I72: =H72 -> 0 | J72: =I72 -> 0 | K72: =J72 -> 0 | L72: =K72 -> 0 | ... DY72: =DX72 -> 0
A73: 9 | B73: Home comms | C73: uptake - original | D73: 0 | E73: =D73 -> 0 | F73: =E73 -> 0 | G73: =F73 -> 0 | H73: =G73 -> 0 | I73: =H73 -> 0 | J73: =I73 -> 0 | K73: =J73 -> 0 | L73: =K73 -> 0 | ... DY73: =DX73 -> 0
C74: uptake - new | D74: 0.39 | E74: =D74 -> 0.39 | F74: =E74 -> 0.39 | G74: =F74 -> 0.39 | H74: =G74 -> 0.39 | I74: =H74 -> 0.39 | J74: =I74 -> 0.39 | K74: =J74 -> 0.39 | L74: =K74 -> 0.39 | ... DY74: =DX74 -> 0.39
C75: life | D75: 0 | E75: =D75 -> 0 | F75: =E75 -> 0 | G75: =F75 -> 0 | H75: =G75 -> 0 | I75: =H75 -> 0 | J75: =I75 -> 0 | K75: =J75 -> 0 | L75: =K75 -> 0 | ... DY75: =DX75 -> 0
A76: 10 | B76: Home security | C76: uptake - original | D76: 0 | E76: =D76 -> 0 | F76: =E76 -> 0 | G76: =F76 -> 0 | H76: =G76 -> 0 | I76: =H76 -> 0 | J76: =I76 -> 0 | K76: =J76 -> 0 | L76: =K76 -> 0 | ... DY76: =DX76 -> 0
C77: uptake - new | D77: 0.4 | E77: =D77 -> 0.4 | F77: =E77 -> 0.4 | G77: =F77 -> 0.4 | H77: =G77 -> 0.4 | I77: =H77 -> 0.4 | J77: =I77 -> 0.4 | K77: =J77 -> 0.4 | L77: =K77 -> 0.4 | ... DY77: =DX77 -> 0.4
C78: life | D78: 0 | E78: =D78 -> 0 | F78: =E78 -> 0 | G78: =F78 -> 0 | H78: =G78 -> 0 | I78: =H78 -> 0 | J78: =I78 -> 0 | K78: =J78 -> 0 | L78: =K78 -> 0 | ... DY78: =DX78 -> 0
A79: 11 | B79: Kitchen | C79: uptake | D79: 1 | E79: =D79 -> 1 | F79: =E79 -> 1 | G79: =F79 -> 1 | H79: 1 | I79: =H79-((H79-M79)/5) -> 1 | J79: =I79-((H79-M79)/5) -> 1 | K79: =J79-((H79-M79)/5) -> 1 | L79: =K79-((H79-M79)/5) -> 1 | M79: 1 | N79: =M79-((M79-R79)/5) -> 1 | O79: =N79-((M79-R79)/5) -> 1 | P79: =O79-((M79-R79)/5) -> 1 | Q79: =P79-((M79-R79)/5) -> 1 | R79: 1 | S79: =R79-((R79-W79)/5) -> 1 | T79: =S79-((R79-W79)/5) -> 1 | U79: =T79-((R79-W79)/5) -> 1 | V79: =U79-((R79-W79)/5) -> 1 | W79: 1 | X79: =W79-((W79-AB79)/5) -> 1 | Y79: =X79-((W79-AB79)/5) -> 1 | Z79: =Y79-((W79-AB79)/5) -> 1 | AA79: =Z79-((W79-AB79)/5) -> 1 | AB79: 1 | AC79: =AB79-((AB79-AG79)/5) -> 1 | AD79: =AC79-((AB79-AG79)/5) -> 1 | AE79: =AD79-((AB79-AG79)/5) -> 1 | AF79: =AE79-((AB79-AG79)/5) -> 1 | AG79: 1 | AH79: =AG79-((AG79-AL79)/5) -> 1 | AI79: =AH79-((AG79-AL79)/5) -> 1 | AJ79: =AI79-((AG79-AL79)/5) -> 1 | AK79: =AJ79-((AG79-AL79)/5) -> 1 | AL79: 1 | AM79: =AL79-((AL79-AQ79)/5) -> 1 | AN79: =AM79-((AL79-AQ79)/5) -> 1 | AO79: =AN79-((AL79-AQ79)/5) -> 1 | AP79: =AO79-((AL79-AQ79)/5) -> 1 | AQ79: 1 | AR79: =AQ79-((AQ79-AV79)/5) -> 1 | AS79: =AR79-((AQ79-AV79)/5) -> 1 | AT79: =AS79-((AQ79-AV79)/5) -> 1 | AU79: =AT79-((AQ79-AV79)/5) -> 1 | AV79: 1 | AW79: =AV79-((AV79-BA79)/5) -> 1 | AX79: =AW79-((AV79-BA79)/5) -> 1 | AY79: =AX79-((AV79-BA79)/5) -> 1 | AZ79: =AY79-((AV79-BA79)/5) -> 1 | BA79: 1 | BB79: =BA79-((BA79-BF79)/5) -> 1 | BC79: =BB79-((BA79-BF79)/5) -> 1 | BD79: =BC79-((BA79-BF79)/5) -> 1 | BE79: =BD79-((BA79-BF79)/5) -> 1 | BF79: 1 | BG79: =BF79-((BF79-BK79)/5) -> 1 | BH79: =BG79-((BF79-BK79)/5) -> 1 | BI79: =BH79-((BF79-BK79)/5) -> 1 | BJ79: =BI79-((BF79-BK79)/5) -> 1 | BK79: 1 | BL79: =BK79-((BK79-BP79)/5) -> 1 | BM79: =BL79-((BK79-BP79)/5) -> 1 | BN79: =BM79-((BK79-BP79)/5) -> 1 | BO79: =BN79-((BK79-BP79)/5) -> 1 | BP79: 1 | BQ79: =BP79-((BP79-BU79)/5) -> 1 | BR79: =BQ79-((BP79-BU79)/5) -> 1 | BS79: =BR79-((BP79-BU79)/5) -> 1 | BT79: =BS79-((BP79-BU79)/5) -> 1 | BU79: 1 | BV79: =BU79-((BU79-BZ79)/5) -> 1 | BW79: =BV79-((BU79-BZ79)/5) -> 1 | BX79: =BW79-((BU79-BZ79)/5) -> 1 | BY79: =BX79-((BU79-BZ79)/5) -> 1 | BZ79: 1 | CA79: =BZ79-((BZ79-CE79)/5) -> 1 | CB79: =CA79-((BZ79-CE79)/5) -> 1 | CC79: =CB79-((BZ79-CE79)/5) -> 1 | CD79: =CC79-((BZ79-CE79)/5) -> 1 | CE79: 1 | CF79: =CE79-((CE79-CJ79)/5) -> 1 | CG79: =CF79-((CE79-CJ79)/5) -> 1 | CH79: =CG79-((CE79-CJ79)/5) -> 1 | CI79: =CH79-((CE79-CJ79)/5) -> 1 | CJ79: 1 | CK79: =CJ79-((CJ79-CO79)/5) -> 1 | CL79: =CK79-((CJ79-CO79)/5) -> 1 | CM79: =CL79-((CJ79-CO79)/5) -> 1 | CN79: =CM79-((CJ79-CO79)/5) -> 1 | CO79: 1 | CP79: =CO79-((CO79-CT79)/5) -> 1 | CQ79: =CP79-((CO79-CT79)/5) -> 1 | CR79: =CQ79-((CO79-CT79)/5) -> 1 | CS79: =CR79-((CO79-CT79)/5) -> 1 | CT79: 1 | CU79: =CT79-((CT79-CY79)/5) -> 1 | CV79: =CU79-((CT79-CY79)/5) -> 1 | CW79: =CV79-((CT79-CY79)/5) -> 1 | CX79: =CW79-((CT79-CY79)/5) -> 1 | CY79: 1 | CZ79: =CY79-((CY79-DD79)/5) -> 1 | DA79: =CZ79-((CY79-DD79)/5) -> 1 | DB79: =DA79-((CY79-DD79)/5) -> 1 | DC79: =DB79-((CY79-DD79)/5) -> 1 | DD79: 1 | DE79: =DD79-((DD79-DI79)/5) -> 1 | DF79: =DE79-((DD79-DI79)/5) -> 1 | DG79: =DF79-((DD79-DI79)/5) -> 1 | DH79: =DG79-((DD79-DI79)/5) -> 1 | DI79: 1 | DJ79: =DI79-((DI79-DN79)/5) -> 1 | DK79: =DJ79-((DI79-DN79)/5) -> 1 | DL79: =DK79-((DI79-DN79)/5) -> 1 | DM79: =DL79-((DI79-DN79)/5) -> 1 | DN79: 1 | DO79: =DN79-((DN79-DS79)/5) -> 1 | DP79: =DO79-((DN79-DS79)/5) -> 1 | DQ79: =DP79-((DN79-DS79)/5) -> 1 | DR79: =DQ79-((DN79-DS79)/5) -> 1 | DS79: 1 | DT79: =DS79-((DS79-DX79)/5) -> 1 | DU79: =DT79-((DS79-DX79)/5) -> 1 | DV79: =DU79-((DS79-DX79)/5) -> 1 | DW79: =DV79-((DS79-DX79)/5) -> 1 | DX79: 1 | DY79: =DX79-((DX79-EC79)/5) -> 1 | DZ79: =DY79-((DX79-EC79)/5) -> 1 | EA79: =DZ79-((DX79-EC79)/5) -> 1 | EB79: =EA79-((DX79-EC79)/5) -> 1 | EC79: 1
C80: life | D80: 40 | E80: =D80 -> 40 | F80: =E80 -> 40 | G80: =F80 -> 40 | H80: 40 | I80: =H80-((H80-M80)/5) -> 40 | J80: =I80-((H80-M80)/5) -> 40 | K80: =J80-((H80-M80)/5) -> 40 | L80: =K80-((H80-M80)/5) -> 40 | M80: 40 | N80: =M80-((M80-R80)/5) -> 40 | O80: =N80-((M80-R80)/5) -> 40 | P80: =O80-((M80-R80)/5) -> 40 | Q80: =P80-((M80-R80)/5) -> 40 | R80: 40 | S80: =R80-((R80-W80)/5) -> 40 | T80: =S80-((R80-W80)/5) -> 40 | U80: =T80-((R80-W80)/5) -> 40 | V80: =U80-((R80-W80)/5) -> 40 | W80: 40 | X80: =W80-((W80-AB80)/5) -> 40 | Y80: =X80-((W80-AB80)/5) -> 40 | Z80: =Y80-((W80-AB80)/5) -> 40 | AA80: =Z80-((W80-AB80)/5) -> 40 | AB80: 40 | AC80: =AB80-((AB80-AG80)/5) -> 40 | AD80: =AC80-((AB80-AG80)/5) -> 40 | AE80: =AD80-((AB80-AG80)/5) -> 40 | AF80: =AE80-((AB80-AG80)/5) -> 40 | AG80: 40 | AH80: =AG80-((AG80-AL80)/5) -> 40 | AI80: =AH80-((AG80-AL80)/5) -> 40 | AJ80: =AI80-((AG80-AL80)/5) -> 40 | AK80: =AJ80-((AG80-AL80)/5) -> 40 | AL80: 40 | AM80: =AL80-((AL80-AQ80)/5) -> 40 | AN80: =AM80-((AL80-AQ80)/5) -> 40 | AO80: =AN80-((AL80-AQ80)/5) -> 40 | AP80: =AO80-((AL80-AQ80)/5) -> 40 | AQ80: 40 | AR80: =AQ80-((AQ80-AV80)/5) -> 40 | AS80: =AR80-((AQ80-AV80)/5) -> 40 | AT80: =AS80-((AQ80-AV80)/5) -> 40 | AU80: =AT80-((AQ80-AV80)/5) -> 40 | AV80: 40 | AW80: =AV80-((AV80-BA80)/5) -> 40 | AX80: =AW80-((AV80-BA80)/5) -> 40 | AY80: =AX80-((AV80-BA80)/5) -> 40 | AZ80: =AY80-((AV80-BA80)/5) -> 40 | BA80: 40 | BB80: =BA80-((BA80-BF80)/5) -> 40 | BC80: =BB80-((BA80-BF80)/5) -> 40 | BD80: =BC80-((BA80-BF80)/5) -> 40 | BE80: =BD80-((BA80-BF80)/5) -> 40 | BF80: 40 | BG80: =BF80-((BF80-BK80)/5) -> 40 | BH80: =BG80-((BF80-BK80)/5) -> 40 | BI80: =BH80-((BF80-BK80)/5) -> 40 | BJ80: =BI80-((BF80-BK80)/5) -> 40 | BK80: 40 | BL80: =BK80-((BK80-BP80)/5) -> 39 | BM80: =BL80-((BK80-BP80)/5) -> 38 | BN80: =BM80-((BK80-BP80)/5) -> 37 | BO80: =BN80-((BK80-BP80)/5) -> 36 | BP80: 35 | BQ80: =BP80-((BP80-BU80)/5) -> 35 | BR80: =BQ80-((BP80-BU80)/5) -> 35 | BS80: =BR80-((BP80-BU80)/5) -> 35 | BT80: =BS80-((BP80-BU80)/5) -> 35 | BU80: 35 | BV80: =BU80-((BU80-BZ80)/5) -> 35 | BW80: =BV80-((BU80-BZ80)/5) -> 35 | BX80: =BW80-((BU80-BZ80)/5) -> 35 | BY80: =BX80-((BU80-BZ80)/5) -> 35 | BZ80: 35 | CA80: =BZ80-((BZ80-CE80)/5) -> 35 | CB80: =CA80-((BZ80-CE80)/5) -> 35 | CC80: =CB80-((BZ80-CE80)/5) -> 35 | CD80: =CC80-((BZ80-CE80)/5) -> 35 | CE80: 35 | CF80: =CE80-((CE80-CJ80)/5) -> 35 | CG80: =CF80-((CE80-CJ80)/5) -> 35 | CH80: =CG80-((CE80-CJ80)/5) -> 35 | CI80: =CH80-((CE80-CJ80)/5) -> 35 | CJ80: 35 | CK80: =CJ80-((CJ80-CO80)/5) -> 35 | CL80: =CK80-((CJ80-CO80)/5) -> 35 | CM80: =CL80-((CJ80-CO80)/5) -> 35 | CN80: =CM80-((CJ80-CO80)/5) -> 35 | CO80: 35 | CP80: =CO80-((CO80-CT80)/5) -> 35 | CQ80: =CP80-((CO80-CT80)/5) -> 35 | CR80: =CQ80-((CO80-CT80)/5) -> 35 | CS80: =CR80-((CO80-CT80)/5) -> 35 | CT80: 35 | CU80: =CT80-((CT80-CY80)/5) -> 34 | CV80: =CU80-((CT80-CY80)/5) -> 33 | CW80: =CV80-((CT80-CY80)/5) -> 32 | CX80: =CW80-((CT80-CY80)/5) -> 31 | CY80: 30 | CZ80: =CY80-((CY80-DD80)/5) -> 31 | DA80: =CZ80-((CY80-DD80)/5) -> 32 | DB80: =DA80-((CY80-DD80)/5) -> 33 | DC80: =DB80-((CY80-DD80)/5) -> 34 | DD80: 35 | DE80: =DD80-((DD80-DI80)/5) -> 35 | DF80: =DE80-((DD80-DI80)/5) -> 35 | DG80: =DF80-((DD80-DI80)/5) -> 35 | DH80: =DG80-((DD80-DI80)/5) -> 35 | DI80: 35 | DJ80: =DI80-((DI80-DN80)/5) -> 35 | DK80: =DJ80-((DI80-DN80)/5) -> 35 | DL80: =DK80-((DI80-DN80)/5) -> 35 | DM80: =DL80-((DI80-DN80)/5) -> 35 | DN80: 35 | DO80: =DN80-((DN80-DS80)/5) -> 35 | DP80: =DO80-((DN80-DS80)/5) -> 35 | DQ80: =DP80-((DN80-DS80)/5) -> 35 | DR80: =DQ80-((DN80-DS80)/5) -> 35 | DS80: 35 | DT80: =DS80-((DS80-DX80)/5) -> 35 | DU80: =DT80-((DS80-DX80)/5) -> 35 | DV80: =DU80-((DS80-DX80)/5) -> 35 | DW80: =DV80-((DS80-DX80)/5) -> 35 | DX80: 35 | DY80: =DX80-((DX80-EC80)/5) -> 35 | DZ80: =DY80-((DX80-EC80)/5) -> 35 | EA80: =DZ80-((DX80-EC80)/5) -> 35 | EB80: =EA80-((DX80-EC80)/5) -> 35 | EC80: 35
A81: 12 | B81: Laundry | C81: uptake - original | D81: 0 | E81: =D81 -> 0 | F81: =E81 -> 0 | G81: =F81 -> 0 | H81: 0.05 | I81: =H81-((H81-M81)/5) -> 0.05 | J81: =I81-((H81-M81)/5) -> 0.05 | K81: =J81-((H81-M81)/5) -> 0.05 | L81: =K81-((H81-M81)/5) -> 0.05 | M81: 0.05 | N81: =M81-((M81-R81)/5) -> 0.06 | O81: =N81-((M81-R81)/5) -> 0.07 | P81: =O81-((M81-R81)/5) -> 0.08 | Q81: =P81-((M81-R81)/5) -> 0.09 | R81: 0.1 | S81: =R81-((R81-W81)/5) -> 0.1 | T81: =S81-((R81-W81)/5) -> 0.1 | U81: =T81-((R81-W81)/5) -> 0.1 | V81: =U81-((R81-W81)/5) -> 0.1 | W81: 0.1 | X81: =W81-((W81-AB81)/5) -> 0.11 | Y81: =X81-((W81-AB81)/5) -> 0.12 | Z81: =Y81-((W81-AB81)/5) -> 0.13 | AA81: =Z81-((W81-AB81)/5) -> 0.14 | AB81: 0.15 | AC81: =AB81-((AB81-AG81)/5) -> 0.15 | AD81: =AC81-((AB81-AG81)/5) -> 0.15 | AE81: =AD81-((AB81-AG81)/5) -> 0.15 | AF81: =AE81-((AB81-AG81)/5) -> 0.15 | AG81: 0.15 | AH81: =AG81-((AG81-AL81)/5) -> 0.15 | AI81: =AH81-((AG81-AL81)/5) -> 0.15 | AJ81: =AI81-((AG81-AL81)/5) -> 0.15 | AK81: =AJ81-((AG81-AL81)/5) -> 0.15 | AL81: 0.15 | AM81: =AL81-((AL81-AQ81)/5) -> 0.16 | AN81: =AM81-((AL81-AQ81)/5) -> 0.17 | AO81: =AN81-((AL81-AQ81)/5) -> 0.18 | AP81: =AO81-((AL81-AQ81)/5) -> 0.19 | AQ81: 0.2 | AR81: =AQ81-((AQ81-AV81)/5) -> 0.2 | AS81: =AR81-((AQ81-AV81)/5) -> 0.2 | AT81: =AS81-((AQ81-AV81)/5) -> 0.2 | AU81: =AT81-((AQ81-AV81)/5) -> 0.2 | AV81: 0.2 | AW81: =AV81-((AV81-BA81)/5) -> 0.22 | AX81: =AW81-((AV81-BA81)/5) -> 0.24 | AY81: =AX81-((AV81-BA81)/5) -> 0.26 | AZ81: =AY81-((AV81-BA81)/5) -> 0.28 | BA81: 0.3 | BB81: =BA81-((BA81-BF81)/5) -> 0.32 | BC81: =BB81-((BA81-BF81)/5) -> 0.34 | BD81: =BC81-((BA81-BF81)/5) -> 0.36 | BE81: =BD81-((BA81-BF81)/5) -> 0.38 | BF81: 0.4 | BG81: =BF81-((BF81-BK81)/5) -> 0.42 | BH81: =BG81-((BF81-BK81)/5) -> 0.44 | BI81: =BH81-((BF81-BK81)/5) -> 0.46 | BJ81: =BI81-((BF81-BK81)/5) -> 0.48 | BK81: 0.5 | BL81: =BK81-((BK81-BP81)/5) -> 0.52 | BM81: =BL81-((BK81-BP81)/5) -> 0.54 | BN81: =BM81-((BK81-BP81)/5) -> 0.56 | BO81: =BN81-((BK81-BP81)/5) -> 0.58 | BP81: 0.6 | BQ81: =BP81-((BP81-BU81)/5) -> 0.62 | BR81: =BQ81-((BP81-BU81)/5) -> 0.64 | BS81: =BR81-((BP81-BU81)/5) -> 0.66 | BT81: =BS81-((BP81-BU81)/5) -> 0.68 | BU81: 0.7 | BV81: =BU81-((BU81-BZ81)/5) -> 0.72 | BW81: =BV81-((BU81-BZ81)/5) -> 0.74 | BX81: =BW81-((BU81-BZ81)/5) -> 0.76 | BY81: =BX81-((BU81-BZ81)/5) -> 0.78 | BZ81: 0.8 | CA81: =BZ81-((BZ81-CE81)/5) -> 0.82 | CB81: =CA81-((BZ81-CE81)/5) -> 0.84 | CC81: =CB81-((BZ81-CE81)/5) -> 0.86 | CD81: =CC81-((BZ81-CE81)/5) -> 0.88 | CE81: 0.9 | CF81: =CE81-((CE81-CJ81)/5) -> 0.92 | CG81: =CF81-((CE81-CJ81)/5) -> 0.94 | CH81: =CG81-((CE81-CJ81)/5) -> 0.96 | CI81: =CH81-((CE81-CJ81)/5) -> 0.98 | CJ81: 1 | CK81: =CJ81-((CJ81-CO81)/5) -> 1 | CL81: =CK81-((CJ81-CO81)/5) -> 1 | CM81: =CL81-((CJ81-CO81)/5) -> 1 | CN81: =CM81-((CJ81-CO81)/5) -> 1 | CO81: 1 | CP81: =CO81-((CO81-CT81)/5) -> 1 | CQ81: =CP81-((CO81-CT81)/5) -> 1 | CR81: =CQ81-((CO81-CT81)/5) -> 1 | CS81: =CR81-((CO81-CT81)/5) -> 1 | CT81: 1 | CU81: =CT81-((CT81-CY81)/5) -> 1 | CV81: =CU81-((CT81-CY81)/5) -> 1 | CW81: =CV81-((CT81-CY81)/5) -> 1 | CX81: =CW81-((CT81-CY81)/5) -> 1 | CY81: 1 | CZ81: =CY81-((CY81-DD81)/5) -> 1 | DA81: =CZ81-((CY81-DD81)/5) -> 1 | DB81: =DA81-((CY81-DD81)/5) -> 1 | DC81: =DB81-((CY81-DD81)/5) -> 1 | DD81: 1 | DE81: =DD81-((DD81-DI81)/5) -> 1 | DF81: =DE81-((DD81-DI81)/5) -> 1 | DG81: =DF81-((DD81-DI81)/5) -> 1 | DH81: =DG81-((DD81-DI81)/5) -> 1 | DI81: 1 | DJ81: =DI81-((DI81-DN81)/5) -> 1 | DK81: =DJ81-((DI81-DN81)/5) -> 1 | DL81: =DK81-((DI81-DN81)/5) -> 1 | DM81: =DL81-((DI81-DN81)/5) -> 1 | DN81: 1 | DO81: =DN81-((DN81-DS81)/5) -> 1 | DP81: =DO81-((DN81-DS81)/5) -> 1 | DQ81: =DP81-((DN81-DS81)/5) -> 1 | DR81: =DQ81-((DN81-DS81)/5) -> 1 | DS81: 1 | DT81: =DS81-((DS81-DX81)/5) -> 1 | DU81: =DT81-((DS81-DX81)/5) -> 1 | DV81: =DU81-((DS81-DX81)/5) -> 1 | DW81: =DV81-((DS81-DX81)/5) -> 1 | DX81: 1 | DY81: =DX81-((DX81-EC81)/5) -> 1 | DZ81: =DY81-((DX81-EC81)/5) -> 1 | EA81: =DZ81-((DX81-EC81)/5) -> 1 | EB81: =EA81-((DX81-EC81)/5) -> 1 | EC81: 1
C82: uptake - new | D82: 0 | E82: =D82 -> 0 | F82: =E82 -> 0 | G82: =F82 -> 0 | H82: 0.05 | I82: =H82-((H82-M82)/5) -> 0.05 | J82: =I82-((H82-M82)/5) -> 0.05 | K82: =J82-((H82-M82)/5) -> 0.05 | L82: =K82-((H82-M82)/5) -> 0.05 | M82: 0.05 | N82: =M82-((M82-R82)/5) -> 0.06 | O82: =N82-((M82-R82)/5) -> 0.07 | P82: =O82-((M82-R82)/5) -> 0.08 | Q82: =P82-((M82-R82)/5) -> 0.09 | R82: 0.1 | S82: =R82-((R82-W82)/5) -> 0.11 | T82: =S82-((R82-W82)/5) -> 0.12 | U82: =T82-((R82-W82)/5) -> 0.13 | V82: =U82-((R82-W82)/5) -> 0.14 | W82: 0.15 | X82: =W82-((W82-AB82)/5) -> 0.16 | Y82: =X82-((W82-AB82)/5) -> 0.17 | Z82: =Y82-((W82-AB82)/5) -> 0.18 | AA82: =Z82-((W82-AB82)/5) -> 0.19 | AB82: 0.2 | AC82: =AB82-((AB82-AG82)/5) -> 0.21 | AD82: =AC82-((AB82-AG82)/5) -> 0.22 | AE82: =AD82-((AB82-AG82)/5) -> 0.23 | AF82: =AE82-((AB82-AG82)/5) -> 0.24 | AG82: 0.25 | AH82: =AG82-((AG82-AL82)/5) -> 0.26 | AI82: =AH82-((AG82-AL82)/5) -> 0.27 | AJ82: =AI82-((AG82-AL82)/5) -> 0.28 | AK82: =AJ82-((AG82-AL82)/5) -> 0.29 | AL82: 0.3 | AM82: =AL82-((AL82-AQ82)/5) -> 0.31 | AN82: =AM82-((AL82-AQ82)/5) -> 0.32 | AO82: =AN82-((AL82-AQ82)/5) -> 0.33 | AP82: =AO82-((AL82-AQ82)/5) -> 0.34 | AQ82: 0.35 | AR82: =AQ82-((AQ82-AV82)/5) -> 0.36 | AS82: =AR82-((AQ82-AV82)/5) -> 0.37 | AT82: =AS82-((AQ82-AV82)/5) -> 0.38 | AU82: =AT82-((AQ82-AV82)/5) -> 0.39 | AV82: 0.4 | AW82: =AV82-((AV82-BA82)/5) -> 0.42 | AX82: =AW82-((AV82-BA82)/5) -> 0.44 | AY82: =AX82-((AV82-BA82)/5) -> 0.46 | AZ82: =AY82-((AV82-BA82)/5) -> 0.48 | BA82: 0.5 | BB82: =BA82-((BA82-BF82)/5) -> 0.52 | BC82: =BB82-((BA82-BF82)/5) -> 0.54 | BD82: =BC82-((BA82-BF82)/5) -> 0.56 | BE82: =BD82-((BA82-BF82)/5) -> 0.58 | BF82: 0.6 | BG82: =BF82-((BF82-BK82)/5) -> 0.62 | BH82: =BG82-((BF82-BK82)/5) -> 0.64 | BI82: =BH82-((BF82-BK82)/5) -> 0.66 | BJ82: =BI82-((BF82-BK82)/5) -> 0.68 | BK82: 0.7 | BL82: =BK82-((BK82-BP82)/5) -> 0.7 | BM82: =BL82-((BK82-BP82)/5) -> 0.7 | BN82: =BM82-((BK82-BP82)/5) -> 0.7 | BO82: =BN82-((BK82-BP82)/5) -> 0.7 | BP82: 0.7 | BQ82: =BP82-((BP82-BU82)/5) -> 0.71 | BR82: =BQ82-((BP82-BU82)/5) -> 0.72 | BS82: =BR82-((BP82-BU82)/5) -> 0.73 | BT82: =BS82-((BP82-BU82)/5) -> 0.74 | BU82: 0.75 | BV82: =BU82-((BU82-BZ82)/5) -> 0.76 | BW82: =BV82-((BU82-BZ82)/5) -> 0.77 | BX82: =BW82-((BU82-BZ82)/5) -> 0.78 | BY82: =BX82-((BU82-BZ82)/5) -> 0.79 | BZ82: 0.8 | CA82: =BZ82-((BZ82-CE82)/5) -> 0.8 | CB82: =CA82-((BZ82-CE82)/5) -> 0.8 | CC82: =CB82-((BZ82-CE82)/5) -> 0.8 | CD82: =CC82-((BZ82-CE82)/5) -> 0.8 | CE82: 0.8 | CF82: =CE82-((CE82-CJ82)/5) -> 0.8 | CG82: =CF82-((CE82-CJ82)/5) -> 0.8 | CH82: =CG82-((CE82-CJ82)/5) -> 0.8 | CI82: =CH82-((CE82-CJ82)/5) -> 0.8 | CJ82: 0.8 | CK82: =CJ82-((CJ82-CO82)/5) -> 0.8 | CL82: =CK82-((CJ82-CO82)/5) -> 0.8 | CM82: =CL82-((CJ82-CO82)/5) -> 0.8 | CN82: =CM82-((CJ82-CO82)/5) -> 0.8 | CO82: 0.8 | CP82: =CO82-((CO82-CT82)/5) -> 0.8 | CQ82: =CP82-((CO82-CT82)/5) -> 0.8 | CR82: =CQ82-((CO82-CT82)/5) -> 0.8 | CS82: =CR82-((CO82-CT82)/5) -> 0.8 | CT82: 0.8 | CU82: =CT82-((CT82-CY82)/5) -> 0.8 | CV82: =CU82-((CT82-CY82)/5) -> 0.8 | CW82: =CV82-((CT82-CY82)/5) -> 0.8 | CX82: =CW82-((CT82-CY82)/5) -> 0.8 | CY82: 0.8 | CZ82: =CY82-((CY82-DD82)/5) -> 0.8 | DA82: =CZ82-((CY82-DD82)/5) -> 0.8 | DB82: =DA82-((CY82-DD82)/5) -> 0.8 | DC82: =DB82-((CY82-DD82)/5) -> 0.8 | DD82: 0.8 | DE82: =DD82-((DD82-DI82)/5) -> 0.8 | DF82: =DE82-((DD82-DI82)/5) -> 0.8 | DG82: =DF82-((DD82-DI82)/5) -> 0.8 | DH82: =DG82-((DD82-DI82)/5) -> 0.8 | DI82: 0.8 | DJ82: =DI82-((DI82-DN82)/5) -> 0.8 | DK82: =DJ82-((DI82-DN82)/5) -> 0.8 | DL82: =DK82-((DI82-DN82)/5) -> 0.8 | DM82: =DL82-((DI82-DN82)/5) -> 0.8 | DN82: 0.8 | DO82: =DN82-((DN82-DS82)/5) -> 0.8 | DP82: =DO82-((DN82-DS82)/5) -> 0.8 | DQ82: =DP82-((DN82-DS82)/5) -> 0.8 | DR82: =DQ82-((DN82-DS82)/5) -> 0.8 | DS82: 0.8 | DT82: =DS82-((DS82-DX82)/5) -> 0.8 | DU82: =DT82-((DS82-DX82)/5) -> 0.8 | DV82: =DU82-((DS82-DX82)/5) -> 0.8 | DW82: =DV82-((DS82-DX82)/5) -> 0.8 | DX82: 0.8 | DY82: =DX82-((DX82-EC82)/5) -> 0.8 | DZ82: =DY82-((DX82-EC82)/5) -> 0.8 | EA82: =DZ82-((DX82-EC82)/5) -> 0.8 | EB82: =EA82-((DX82-EC82)/5) -> 0.8 | EC82: 0.8
C83: life | D83: 40 | E83: =D83 -> 40 | F83: =E83 -> 40 | G83: =F83 -> 40 | H83: 40 | I83: =H83-((H83-M83)/5) -> 40 | J83: =I83-((H83-M83)/5) -> 40 | K83: =J83-((H83-M83)/5) -> 40 | L83: =K83-((H83-M83)/5) -> 40 | M83: 40 | N83: =M83-((M83-R83)/5) -> 40 | O83: =N83-((M83-R83)/5) -> 40 | P83: =O83-((M83-R83)/5) -> 40 | Q83: =P83-((M83-R83)/5) -> 40 | R83: 40 | S83: =R83-((R83-W83)/5) -> 40 | T83: =S83-((R83-W83)/5) -> 40 | U83: =T83-((R83-W83)/5) -> 40 | V83: =U83-((R83-W83)/5) -> 40 | W83: 40 | X83: =W83-((W83-AB83)/5) -> 40 | Y83: =X83-((W83-AB83)/5) -> 40 | Z83: =Y83-((W83-AB83)/5) -> 40 | AA83: =Z83-((W83-AB83)/5) -> 40 | AB83: 40 | AC83: =AB83-((AB83-AG83)/5) -> 40 | AD83: =AC83-((AB83-AG83)/5) -> 40 | AE83: =AD83-((AB83-AG83)/5) -> 40 | AF83: =AE83-((AB83-AG83)/5) -> 40 | AG83: 40 | AH83: =AG83-((AG83-AL83)/5) -> 40 | AI83: =AH83-((AG83-AL83)/5) -> 40 | AJ83: =AI83-((AG83-AL83)/5) -> 40 | AK83: =AJ83-((AG83-AL83)/5) -> 40 | AL83: 40 | AM83: =AL83-((AL83-AQ83)/5) -> 40 | AN83: =AM83-((AL83-AQ83)/5) -> 40 | AO83: =AN83-((AL83-AQ83)/5) -> 40 | AP83: =AO83-((AL83-AQ83)/5) -> 40 | AQ83: 40 | AR83: =AQ83-((AQ83-AV83)/5) -> 40 | AS83: =AR83-((AQ83-AV83)/5) -> 40 | AT83: =AS83-((AQ83-AV83)/5) -> 40 | AU83: =AT83-((AQ83-AV83)/5) -> 40 | AV83: 40 | AW83: =AV83-((AV83-BA83)/5) -> 40 | AX83: =AW83-((AV83-BA83)/5) -> 40 | AY83: =AX83-((AV83-BA83)/5) -> 40 | AZ83: =AY83-((AV83-BA83)/5) -> 40 | BA83: 40 | BB83: =BA83-((BA83-BF83)/5) -> 40 | BC83: =BB83-((BA83-BF83)/5) -> 40 | BD83: =BC83-((BA83-BF83)/5) -> 40 | BE83: =BD83-((BA83-BF83)/5) -> 40 | BF83: 40 | BG83: =BF83-((BF83-BK83)/5) -> 40 | BH83: =BG83-((BF83-BK83)/5) -> 40 | BI83: =BH83-((BF83-BK83)/5) -> 40 | BJ83: =BI83-((BF83-BK83)/5) -> 40 | BK83: 40 | BL83: =BK83-((BK83-BP83)/5) -> 39 | BM83: =BL83-((BK83-BP83)/5) -> 38 | BN83: =BM83-((BK83-BP83)/5) -> 37 | BO83: =BN83-((BK83-BP83)/5) -> 36 | BP83: 35 | BQ83: =BP83-((BP83-BU83)/5) -> 35 | BR83: =BQ83-((BP83-BU83)/5) -> 35 | BS83: =BR83-((BP83-BU83)/5) -> 35 | BT83: =BS83-((BP83-BU83)/5) -> 35 | BU83: 35 | BV83: =BU83-((BU83-BZ83)/5) -> 35 | BW83: =BV83-((BU83-BZ83)/5) -> 35 | BX83: =BW83-((BU83-BZ83)/5) -> 35 | BY83: =BX83-((BU83-BZ83)/5) -> 35 | BZ83: 35 | CA83: =BZ83-((BZ83-CE83)/5) -> 35 | CB83: =CA83-((BZ83-CE83)/5) -> 35 | CC83: =CB83-((BZ83-CE83)/5) -> 35 | CD83: =CC83-((BZ83-CE83)/5) -> 35 | CE83: 35 | CF83: =CE83-((CE83-CJ83)/5) -> 35 | CG83: =CF83-((CE83-CJ83)/5) -> 35 | CH83: =CG83-((CE83-CJ83)/5) -> 35 | CI83: =CH83-((CE83-CJ83)/5) -> 35 | CJ83: 35 | CK83: =CJ83-((CJ83-CO83)/5) -> 35 | CL83: =CK83-((CJ83-CO83)/5) -> 35 | CM83: =CL83-((CJ83-CO83)/5) -> 35 | CN83: =CM83-((CJ83-CO83)/5) -> 35 | CO83: 35 | CP83: =CO83-((CO83-CT83)/5) -> 35 | CQ83: =CP83-((CO83-CT83)/5) -> 35 | CR83: =CQ83-((CO83-CT83)/5) -> 35 | CS83: =CR83-((CO83-CT83)/5) -> 35 | CT83: 35 | CU83: =CT83-((CT83-CY83)/5) -> 35 | CV83: =CU83-((CT83-CY83)/5) -> 35 | CW83: =CV83-((CT83-CY83)/5) -> 35 | CX83: =CW83-((CT83-CY83)/5) -> 35 | CY83: 35 | CZ83: =CY83-((CY83-DD83)/5) -> 35 | DA83: =CZ83-((CY83-DD83)/5) -> 35 | DB83: =DA83-((CY83-DD83)/5) -> 35 | DC83: =DB83-((CY83-DD83)/5) -> 35 | DD83: 35 | DE83: =DD83-((DD83-DI83)/5) -> 35 | DF83: =DE83-((DD83-DI83)/5) -> 35 | DG83: =DF83-((DD83-DI83)/5) -> 35 | DH83: =DG83-((DD83-DI83)/5) -> 35 | DI83: 35 | DJ83: =DI83-((DI83-DN83)/5) -> 35 | DK83: =DJ83-((DI83-DN83)/5) -> 35 | DL83: =DK83-((DI83-DN83)/5) -> 35 | DM83: =DL83-((DI83-DN83)/5) -> 35 | DN83: 35 | DO83: =DN83-((DN83-DS83)/5) -> 35 | DP83: =DO83-((DN83-DS83)/5) -> 35 | DQ83: =DP83-((DN83-DS83)/5) -> 35 | DR83: =DQ83-((DN83-DS83)/5) -> 35 | DS83: 35 | DT83: =DS83-((DS83-DX83)/5) -> 35 | DU83: =DT83-((DS83-DX83)/5) -> 35 | DV83: =DU83-((DS83-DX83)/5) -> 35 | DW83: =DV83-((DS83-DX83)/5) -> 35 | DX83: 35 | DY83: =DX83-((DX83-EC83)/5) -> 35 | DZ83: =DY83-((DX83-EC83)/5) -> 35 | EA83: =DZ83-((DX83-EC83)/5) -> 35 | EB83: =EA83-((DX83-EC83)/5) -> 35 | EC83: 35
A84: 13 | B84: Painting | C84: uptake | D84: 0.5 | E84: =D84 -> 0.5 | F84: =E84 -> 0.5 | G84: =F84 -> 0.5 | H84: =G84 -> 0.5 | I84: =H84 -> 0.5 | J84: =I84 -> 0.5 | K84: =J84 -> 0.5 | L84: =K84 -> 0.5 | ... DY84: =DX84 -> 0.5
C85: life | D85: 20 | E85: =D85 -> 20 | F85: =E85 -> 20 | G85: =F85 -> 20 | H85: =G85 -> 20 | I85: =H85 -> 20 | J85: =I85 -> 20 | K85: =J85 -> 20 | L85: =K85 -> 20 | ... DY85: =DX85 -> 20
A86: 14 | B86: Wardrobes - built-in | C86: uptake - original | D86: 0 | E86: =D86 -> 0 | F86: =E86 -> 0 | G86: =F86 -> 0 | H86: =G86 -> 0 | I86: =H86 -> 0 | J86: =I86 -> 0 | K86: =J86 -> 0 | L86: =K86 -> 0 | ... DY86: =DX86 -> 0
C87: uptake - new | D87: 0.41
C88: life | D88: 0 | E88: =D88 -> 0 | F88: =E88 -> 0 | G88: =F88 -> 0 | H88: =G88 -> 0 | I88: =H88 -> 0 | J88: =I88 -> 0 | K88: =J88 -> 0 | L88: =K88 -> 0 | ... DY88: =DX88 -> 0
A89: 15 | B89: Wardrobes - walk-in | C89: uptake - original | D89: 0 | E89: =D89 -> 0 | F89: =E89 -> 0 | G89: =F89 -> 0 | H89: =G89 -> 0 | I89: =H89 -> 0 | J89: =I89 -> 0 | K89: =J89 -> 0 | L89: =K89 -> 0 | ... DY89: =DX89 -> 0
C90: uptake - new | D90: 0.42 | H90: =G90 -> 0 | I90: =H90 -> 0 | J90: =I90 -> 0 | K90: =J90 -> 0 | L90: =K90 -> 0 | M90: =L90 -> 0 | N90: =M90 -> 0 | O90: =N90 -> 0 | ... DY90: =DX90 -> 0
C91: life | D91: 0 | E91: =D91 -> 0 | F91: =E91 -> 0 | G91: =F91 -> 0 | H91: =G91 -> 0 | I91: =H91 -> 0 | J91: =I91 -> 0 | K91: =J91 -> 0 | L91: =K91 -> 0 | ... DY91: =DX91 -> 0
B93: External projects | C93: Uptake/Life | D93: =D47 -> 1901 | E93: =D93+1 -> 1902 | F93: =E93+1 -> 1903 | G93: =F93+1 -> 1904 | H93: =G93+1 -> 1905 | I93: =H93+1 -> 1906 | J93: =I93+1 -> 1907 | K93: =J93+1 -> 1908 | L93: =K93+1 -> 1909 | ... EC93: =EB93+1 -> 2030
A94: 16 | B94: Decking/verandah | C94: uptake - original | D94: 0 | E94: =D94 -> 0 | F94: =E94 -> 0 | G94: =F94 -> 0 | H94: =G94 -> 0 | I94: =H94 -> 0 | J94: =I94 -> 0 | K94: =J94 -> 0 | L94: =K94 -> 0 | ... EC94: =EB94 -> 0
C95: uptake - new | D95: 0.43
C96: life | D96: 0 | E96: =D96 -> 0 | F96: =E96 -> 0 | G96: =F96 -> 0 | H96: =G96 -> 0 | I96: =H96 -> 0 | J96: =I96 -> 0 | K96: =J96 -> 0 | L96: =K96 -> 0 | ... EC96: =EB96 -> 0
A97: 17 | B97: Driveway - aggregate | C97: uptake - original | D97: 0.95 | E97: =D97 -> 0.95 | F97: =E97 -> 0.95 | G97: =F97 -> 0.95 | H97: 0.95 | I97: =H97-((H97-M97)/5) -> 0.94 | J97: =I97-((H97-M97)/5) -> 0.93 | K97: =J97-((H97-M97)/5) -> 0.92 | L97: =K97-((H97-M97)/5) -> 0.91 | M97: 0.9 | N97: =M97-((M97-R97)/5) -> 0.9 | O97: =N97-((M97-R97)/5) -> 0.9 | P97: =O97-((M97-R97)/5) -> 0.9 | Q97: =P97-((M97-R97)/5) -> 0.9 | R97: 0.9 | S97: =R97-((R97-W97)/5) -> 0.89 | T97: =S97-((R97-W97)/5) -> 0.88 | U97: =T97-((R97-W97)/5) -> 0.87 | V97: =U97-((R97-W97)/5) -> 0.86 | W97: 0.85 | X97: =W97-((W97-AB97)/5) -> 0.85 | Y97: =X97-((W97-AB97)/5) -> 0.85 | Z97: =Y97-((W97-AB97)/5) -> 0.85 | AA97: =Z97-((W97-AB97)/5) -> 0.85 | AB97: 0.85 | AC97: =AB97-((AB97-AG97)/5) -> 0.82 | AD97: =AC97-((AB97-AG97)/5) -> 0.79 | AE97: =AD97-((AB97-AG97)/5) -> 0.76 | AF97: =AE97-((AB97-AG97)/5) -> 0.73 | AG97: 0.7 | AH97: =AG97-((AG97-AL97)/5) -> 0.7 | AI97: =AH97-((AG97-AL97)/5) -> 0.7 | AJ97: =AI97-((AG97-AL97)/5) -> 0.7 | AK97: =AJ97-((AG97-AL97)/5) -> 0.7 | AL97: 0.7 | AM97: =AL97-((AL97-AQ97)/5) -> 0.7 | AN97: =AM97-((AL97-AQ97)/5) -> 0.7 | AO97: =AN97-((AL97-AQ97)/5) -> 0.7 | AP97: =AO97-((AL97-AQ97)/5) -> 0.7 | AQ97: 0.7 | AR97: =AQ97-((AQ97-AV97)/5) -> 0.7 | AS97: =AR97-((AQ97-AV97)/5) -> 0.7 | AT97: =AS97-((AQ97-AV97)/5) -> 0.7 | AU97: =AT97-((AQ97-AV97)/5) -> 0.7 | AV97: 0.7 | AW97: =AV97-((AV97-BA97)/5) -> 0.68 | AX97: =AW97-((AV97-BA97)/5) -> 0.66 | AY97: =AX97-((AV97-BA97)/5) -> 0.64 | AZ97: =AY97-((AV97-BA97)/5) -> 0.62 | BA97: 0.6 | BB97: =BA97-((BA97-BF97)/5) -> 0.59 | BC97: =BB97-((BA97-BF97)/5) -> 0.58 | BD97: =BC97-((BA97-BF97)/5) -> 0.57 | BE97: =BD97-((BA97-BF97)/5) -> 0.56 | BF97: 0.55 | BG97: =BF97-((BF97-BK97)/5) -> 0.54 | BH97: =BG97-((BF97-BK97)/5) -> 0.53 | BI97: =BH97-((BF97-BK97)/5) -> 0.52 | BJ97: =BI97-((BF97-BK97)/5) -> 0.51 | BK97: 0.5 | BL97: =BK97-((BK97-BP97)/5) -> 0.48 | BM97: =BL97-((BK97-BP97)/5) -> 0.46 | BN97: =BM97-((BK97-BP97)/5) -> 0.44 | BO97: =BN97-((BK97-BP97)/5) -> 0.42 | BP97: 0.4 | BQ97: =BP97-((BP97-BU97)/5) -> 0.38 | BR97: =BQ97-((BP97-BU97)/5) -> 0.36 | BS97: =BR97-((BP97-BU97)/5) -> 0.34 | BT97: =BS97-((BP97-BU97)/5) -> 0.32 | BU97: 0.3 | BV97: =BU97-((BU97-BZ97)/5) -> 0.28 | BW97: =BV97-((BU97-BZ97)/5) -> 0.26 | BX97: =BW97-((BU97-BZ97)/5) -> 0.24 | BY97: =BX97-((BU97-BZ97)/5) -> 0.22 | BZ97: 0.2 | CA97: =BZ97-((BZ97-CE97)/5) -> 0.18 | CB97: =CA97-((BZ97-CE97)/5) -> 0.16 | CC97: =CB97-((BZ97-CE97)/5) -> 0.14 | CD97: =CC97-((BZ97-CE97)/5) -> 0.12 | CE97: 0.1 | CF97: =CE97-((CE97-CJ97)/5) -> 0.09 | CG97: =CF97-((CE97-CJ97)/5) -> 0.08 | CH97: =CG97-((CE97-CJ97)/5) -> 0.07 | CI97: =CH97-((CE97-CJ97)/5) -> 0.06 | CJ97: 0.05 | CK97: =CJ97-((CJ97-CO97)/5) -> 0.05 | CL97: =CK97-((CJ97-CO97)/5) -> 0.05 | CM97: =CL97-((CJ97-CO97)/5) -> 0.05 | CN97: =CM97-((CJ97-CO97)/5) -> 0.05 | CO97: 0.05 | CP97: =CO97-((CO97-CT97)/5) -> 0.05 | CQ97: =CP97-((CO97-CT97)/5) -> 0.05 | CR97: =CQ97-((CO97-CT97)/5) -> 0.05 | CS97: =CR97-((CO97-CT97)/5) -> 0.05 | CT97: 0.05 | CU97: =CT97-((CT97-CY97)/5) -> 0.05 | CV97: =CU97-((CT97-CY97)/5) -> 0.05 | CW97: =CV97-((CT97-CY97)/5) -> 0.05 | CX97: =CW97-((CT97-CY97)/5) -> 0.05 | CY97: 0.05 | CZ97: =CY97-((CY97-DD97)/5) -> 0.046 | DA97: =CZ97-((CY97-DD97)/5) -> 0.042 | DB97: =DA97-((CY97-DD97)/5) -> 0.038 | DC97: =DB97-((CY97-DD97)/5) -> 0.034 | DD97: 0.03 | DE97: =DD97-((DD97-DI97)/5) -> 0.03 | DF97: =DE97-((DD97-DI97)/5) -> 0.03 | DG97: =DF97-((DD97-DI97)/5) -> 0.03 | DH97: =DG97-((DD97-DI97)/5) -> 0.03 | DI97: 0.03 | DJ97: =DI97-((DI97-DN97)/5) -> 0.028 | DK97: =DJ97-((DI97-DN97)/5) -> 0.026 | DL97: =DK97-((DI97-DN97)/5) -> 0.024 | DM97: =DL97-((DI97-DN97)/5) -> 0.022 | DN97: 0.02 | DO97: =DN97-((DN97-DS97)/5) -> 0.018 | DP97: =DO97-((DN97-DS97)/5) -> 0.016 | DQ97: =DP97-((DN97-DS97)/5) -> 0.014 | DR97: =DQ97-((DN97-DS97)/5) -> 0.012 | DS97: 0.01 | DT97: =DS97-((DS97-DX97)/5) -> 0.01 | DU97: =DT97-((DS97-DX97)/5) -> 0.01 | DV97: =DU97-((DS97-DX97)/5) -> 0.01 | DW97: =DV97-((DS97-DX97)/5) -> 0.01 | DX97: 0.01 | DY97: =DX97 -> 0.01 | DZ97: =DY97 -> 0.01 | EA97: =DZ97 -> 0.01 | EB97: =EA97 -> 0.01 | EC97: 0.01
C98: uptake - new | D98: 0.44
C99: life | D99: 15 | E99: =D99 -> 15 | F99: =E99 -> 15 | G99: =F99 -> 15 | H99: 15 | I99: =H99-((H99-M99)/5) -> 15 | J99: =I99-((H99-M99)/5) -> 15 | K99: =J99-((H99-M99)/5) -> 15 | L99: =K99-((H99-M99)/5) -> 15 | M99: 15 | N99: =M99-((M99-R99)/5) -> 15 | O99: =N99-((M99-R99)/5) -> 15 | P99: =O99-((M99-R99)/5) -> 15 | Q99: =P99-((M99-R99)/5) -> 15 | R99: 15 | S99: =R99-((R99-W99)/5) -> 15 | T99: =S99-((R99-W99)/5) -> 15 | U99: =T99-((R99-W99)/5) -> 15 | V99: =U99-((R99-W99)/5) -> 15 | W99: 15 | X99: =W99-((W99-AB99)/5) -> 15 | Y99: =X99-((W99-AB99)/5) -> 15 | Z99: =Y99-((W99-AB99)/5) -> 15 | AA99: =Z99-((W99-AB99)/5) -> 15 | AB99: 15 | AC99: =AB99-((AB99-AG99)/5) -> 15 | AD99: =AC99-((AB99-AG99)/5) -> 15 | AE99: =AD99-((AB99-AG99)/5) -> 15 | AF99: =AE99-((AB99-AG99)/5) -> 15 | AG99: 15 | AH99: =AG99-((AG99-AL99)/5) -> 15 | AI99: =AH99-((AG99-AL99)/5) -> 15 | AJ99: =AI99-((AG99-AL99)/5) -> 15 | AK99: =AJ99-((AG99-AL99)/5) -> 15 | AL99: 15 | AM99: =AL99-((AL99-AQ99)/5) -> 15 | AN99: =AM99-((AL99-AQ99)/5) -> 15 | AO99: =AN99-((AL99-AQ99)/5) -> 15 | AP99: =AO99-((AL99-AQ99)/5) -> 15 | AQ99: 15 | AR99: =AQ99-((AQ99-AV99)/5) -> 15 | AS99: =AR99-((AQ99-AV99)/5) -> 15 | AT99: =AS99-((AQ99-AV99)/5) -> 15 | AU99: =AT99-((AQ99-AV99)/5) -> 15 | AV99: 15 | AW99: =AV99-((AV99-BA99)/5) -> 15 | AX99: =AW99-((AV99-BA99)/5) -> 15 | AY99: =AX99-((AV99-BA99)/5) -> 15 | AZ99: =AY99-((AV99-BA99)/5) -> 15 | BA99: 15 | BB99: =BA99-((BA99-BF99)/5) -> 15 | BC99: =BB99-((BA99-BF99)/5) -> 15 | BD99: =BC99-((BA99-BF99)/5) -> 15 | BE99: =BD99-((BA99-BF99)/5) -> 15 | BF99: 15 | BG99: =BF99-((BF99-BK99)/5) -> 15 | BH99: =BG99-((BF99-BK99)/5) -> 15 | BI99: =BH99-((BF99-BK99)/5) -> 15 | BJ99: =BI99-((BF99-BK99)/5) -> 15 | BK99: 15 | BL99: =BK99-((BK99-BP99)/5) -> 15 | BM99: =BL99-((BK99-BP99)/5) -> 15 | BN99: =BM99-((BK99-BP99)/5) -> 15 | BO99: =BN99-((BK99-BP99)/5) -> 15 | BP99: 15 | BQ99: =BP99-((BP99-BU99)/5) -> 15 | BR99: =BQ99-((BP99-BU99)/5) -> 15 | BS99: =BR99-((BP99-BU99)/5) -> 15 | BT99: =BS99-((BP99-BU99)/5) -> 15 | BU99: 15 | BV99: =BU99-((BU99-BZ99)/5) -> 15 | BW99: =BV99-((BU99-BZ99)/5) -> 15 | BX99: =BW99-((BU99-BZ99)/5) -> 15 | BY99: =BX99-((BU99-BZ99)/5) -> 15 | BZ99: 15 | CA99: =BZ99-((BZ99-CE99)/5) -> 15 | CB99: =CA99-((BZ99-CE99)/5) -> 15 | CC99: =CB99-((BZ99-CE99)/5) -> 15 | CD99: =CC99-((BZ99-CE99)/5) -> 15 | CE99: 15 | CF99: =CE99-((CE99-CJ99)/5) -> 15 | CG99: =CF99-((CE99-CJ99)/5) -> 15 | CH99: =CG99-((CE99-CJ99)/5) -> 15 | CI99: =CH99-((CE99-CJ99)/5) -> 15 | CJ99: 15 | CK99: =CJ99-((CJ99-CO99)/5) -> 15 | CL99: =CK99-((CJ99-CO99)/5) -> 15 | CM99: =CL99-((CJ99-CO99)/5) -> 15 | CN99: =CM99-((CJ99-CO99)/5) -> 15 | CO99: 15 | CP99: =CO99-((CO99-CT99)/5) -> 15 | CQ99: =CP99-((CO99-CT99)/5) -> 15 | CR99: =CQ99-((CO99-CT99)/5) -> 15 | CS99: =CR99-((CO99-CT99)/5) -> 15 | CT99: 15 | CU99: =CT99-((CT99-CY99)/5) -> 15 | CV99: =CU99-((CT99-CY99)/5) -> 15 | CW99: =CV99-((CT99-CY99)/5) -> 15 | CX99: =CW99-((CT99-CY99)/5) -> 15 | CY99: 15 | CZ99: =CY99-((CY99-DD99)/5) -> 15 | DA99: =CZ99-((CY99-DD99)/5) -> 15 | DB99: =DA99-((CY99-DD99)/5) -> 15 | DC99: =DB99-((CY99-DD99)/5) -> 15 | DD99: 15 | DE99: =DD99-((DD99-DI99)/5) -> 15 | DF99: =DE99-((DD99-DI99)/5) -> 15 | DG99: =DF99-((DD99-DI99)/5) -> 15 | DH99: =DG99-((DD99-DI99)/5) -> 15 | DI99: 15 | DJ99: =DI99-((DI99-DN99)/5) -> 15 | DK99: =DJ99-((DI99-DN99)/5) -> 15 | DL99: =DK99-((DI99-DN99)/5) -> 15 | DM99: =DL99-((DI99-DN99)/5) -> 15 | DN99: 15 | DO99: =DN99-((DN99-DS99)/5) -> 15 | DP99: =DO99-((DN99-DS99)/5) -> 15 | DQ99: =DP99-((DN99-DS99)/5) -> 15 | DR99: =DQ99-((DN99-DS99)/5) -> 15 | DS99: 15 | DT99: =DS99-((DS99-DX99)/5) -> 15 | DU99: =DT99-((DS99-DX99)/5) -> 15 | DV99: =DU99-((DS99-DX99)/5) -> 15 | DW99: =DV99-((DS99-DX99)/5) -> 15 | DX99: 15 | DY99: =DX99 -> 15 | DZ99: =DY99 -> 15 | EA99: =DZ99 -> 15 | EB99: =EA99 -> 15 | EC99: 15
A100: 18 | B100: Driveway - brick/paver | C100: uptake - original | D100: 0.05 | E100: =D100 -> 0.05 | F100: =E100 -> 0.05 | G100: =F100 -> 0.05 | H100: 0.05 | I100: =H100-((H100-M100)/5) -> 0.05 | J100: =I100-((H100-M100)/5) -> 0.05 | K100: =J100-((H100-M100)/5) -> 0.05 | L100: =K100-((H100-M100)/5) -> 0.05 | M100: 0.05 | N100: =M100-((M100-R100)/5) -> 0.05 | O100: =N100-((M100-R100)/5) -> 0.05 | P100: =O100-((M100-R100)/5) -> 0.05 | Q100: =P100-((M100-R100)/5) -> 0.05 | R100: 0.05 | S100: =R100-((R100-W100)/5) -> 0.06 | T100: =S100-((R100-W100)/5) -> 0.07 | U100: =T100-((R100-W100)/5) -> 0.08 | V100: =U100-((R100-W100)/5) -> 0.09 | W100: 0.1 | X100: =W100-((W100-AB100)/5) -> 0.1 | Y100: =X100-((W100-AB100)/5) -> 0.1 | Z100: =Y100-((W100-AB100)/5) -> 0.1 | AA100: =Z100-((W100-AB100)/5) -> 0.1 | AB100: 0.1 | AC100: =AB100-((AB100-AG100)/5) -> 0.12 | AD100: =AC100-((AB100-AG100)/5) -> 0.14 | AE100: =AD100-((AB100-AG100)/5) -> 0.16 | AF100: =AE100-((AB100-AG100)/5) -> 0.18 | AG100: 0.2 | AH100: =AG100-((AG100-AL100)/5) -> 0.2 | AI100: =AH100-((AG100-AL100)/5) -> 0.2 | AJ100: =AI100-((AG100-AL100)/5) -> 0.2 | AK100: =AJ100-((AG100-AL100)/5) -> 0.2 | AL100: 0.2 | AM100: =AL100-((AL100-AQ100)/5) -> 0.2 | AN100: =AM100-((AL100-AQ100)/5) -> 0.2 | AO100: =AN100-((AL100-AQ100)/5) -> 0.2 | AP100: =AO100-((AL100-AQ100)/5) -> 0.2 | AQ100: 0.2 | AR100: =AQ100-((AQ100-AV100)/5) -> 0.2 | AS100: =AR100-((AQ100-AV100)/5) -> 0.2 | AT100: =AS100-((AQ100-AV100)/5) -> 0.2 | AU100: =AT100-((AQ100-AV100)/5) -> 0.2 | AV100: 0.2 | AW100: =AV100-((AV100-BA100)/5) -> 0.2 | AX100: =AW100-((AV100-BA100)/5) -> 0.2 | AY100: =AX100-((AV100-BA100)/5) -> 0.2 | AZ100: =AY100-((AV100-BA100)/5) -> 0.2 | BA100: 0.2 | BB100: =BA100-((BA100-BF100)/5) -> 0.2 | BC100: =BB100-((BA100-BF100)/5) -> 0.2 | BD100: =BC100-((BA100-BF100)/5) -> 0.2 | BE100: =BD100-((BA100-BF100)/5) -> 0.2 | BF100: 0.2 | BG100: =BF100-((BF100-BK100)/5) -> 0.2 | BH100: =BG100-((BF100-BK100)/5) -> 0.2 | BI100: =BH100-((BF100-BK100)/5) -> 0.2 | BJ100: =BI100-((BF100-BK100)/5) -> 0.2 | BK100: 0.2 | BL100: =BK100-((BK100-BP100)/5) -> 0.2 | BM100: =BL100-((BK100-BP100)/5) -> 0.2 | BN100: =BM100-((BK100-BP100)/5) -> 0.2 | BO100: =BN100-((BK100-BP100)/5) -> 0.2 | BP100: 0.2 | BQ100: =BP100-((BP100-BU100)/5) -> 0.2 | BR100: =BQ100-((BP100-BU100)/5) -> 0.2 | BS100: =BR100-((BP100-BU100)/5) -> 0.2 | BT100: =BS100-((BP100-BU100)/5) -> 0.2 | BU100: 0.2 | BV100: =BU100-((BU100-BZ100)/5) -> 0.19 | BW100: =BV100-((BU100-BZ100)/5) -> 0.18 | BX100: =BW100-((BU100-BZ100)/5) -> 0.17 | BY100: =BX100-((BU100-BZ100)/5) -> 0.16 | BZ100: 0.15 | CA100: =BZ100-((BZ100-CE100)/5) -> 0.15 | CB100: =CA100-((BZ100-CE100)/5) -> 0.15 | CC100: =CB100-((BZ100-CE100)/5) -> 0.15 | CD100: =CC100-((BZ100-CE100)/5) -> 0.15 | CE100: 0.15 | CF100: =CE100-((CE100-CJ100)/5) -> 0.14 | CG100: =CF100-((CE100-CJ100)/5) -> 0.13 | CH100: =CG100-((CE100-CJ100)/5) -> 0.12 | CI100: =CH100-((CE100-CJ100)/5) -> 0.11 | CJ100: 0.1 | CK100: =CJ100-((CJ100-CO100)/5) -> 0.09 | CL100: =CK100-((CJ100-CO100)/5) -> 0.08 | CM100: =CL100-((CJ100-CO100)/5) -> 0.07 | CN100: =CM100-((CJ100-CO100)/5) -> 0.06 | CO100: 0.05 | CP100: =CO100-((CO100-CT100)/5) -> 0.05 | CQ100: =CP100-((CO100-CT100)/5) -> 0.05 | CR100: =CQ100-((CO100-CT100)/5) -> 0.05 | CS100: =CR100-((CO100-CT100)/5) -> 0.05 | CT100: 0.05 | CU100: =CT100-((CT100-CY100)/5) -> 0.05 | CV100: =CU100-((CT100-CY100)/5) -> 0.05 | CW100: =CV100-((CT100-CY100)/5) -> 0.05 | CX100: =CW100-((CT100-CY100)/5) -> 0.05 | CY100: 0.05 | CZ100: =CY100-((CY100-DD100)/5) -> 0.044 | DA100: =CZ100-((CY100-DD100)/5) -> 0.038 | DB100: =DA100-((CY100-DD100)/5) -> 0.032 | DC100: =DB100-((CY100-DD100)/5) -> 0.026 | DD100: 0.02 | DE100: =DD100-((DD100-DI100)/5) -> 0.02 | DF100: =DE100-((DD100-DI100)/5) -> 0.02 | DG100: =DF100-((DD100-DI100)/5) -> 0.02 | DH100: =DG100-((DD100-DI100)/5) -> 0.02 | DI100: 0.02 | DJ100: =DI100-((DI100-DN100)/5) -> 0.018 | DK100: =DJ100-((DI100-DN100)/5) -> 0.016 | DL100: =DK100-((DI100-DN100)/5) -> 0.014 | DM100: =DL100-((DI100-DN100)/5) -> 0.012 | DN100: 0.01 | DO100: =DN100-((DN100-DS100)/5) -> 0.01 | DP100: =DO100-((DN100-DS100)/5) -> 0.01 | DQ100: =DP100-((DN100-DS100)/5) -> 0.01 | DR100: =DQ100-((DN100-DS100)/5) -> 0.01 | DS100: 0.01 | DT100: =DS100-((DS100-DX100)/5) -> 0.01 | DU100: =DT100-((DS100-DX100)/5) -> 0.01 | DV100: =DU100-((DS100-DX100)/5) -> 0.01 | DW100: =DV100-((DS100-DX100)/5) -> 0.01 | DX100: 0.01 | DY100: =DX100 -> 0.01 | DZ100: =DY100 -> 0.01 | EA100: =DZ100 -> 0.01 | EB100: =EA100 -> 0.01 | EC100: 0.01
C101: uptake - new | D101: 0.45 | E101: =D101 -> 0.45 | F101: =E101 -> 0.45 | G101: =F101 -> 0.45
C102: life | D102: 25 | E102: =D102 -> 25 | F102: =E102 -> 25 | G102: =F102 -> 25 | H102: 25 | I102: =H102-((H102-M102)/5) -> 25 | J102: =I102-((H102-M102)/5) -> 25 | K102: =J102-((H102-M102)/5) -> 25 | L102: =K102-((H102-M102)/5) -> 25 | M102: 25 | N102: =M102-((M102-R102)/5) -> 25 | O102: =N102-((M102-R102)/5) -> 25 | P102: =O102-((M102-R102)/5) -> 25 | Q102: =P102-((M102-R102)/5) -> 25 | R102: 25 | S102: =R102-((R102-W102)/5) -> 25 | T102: =S102-((R102-W102)/5) -> 25 | U102: =T102-((R102-W102)/5) -> 25 | V102: =U102-((R102-W102)/5) -> 25 | W102: 25 | X102: =W102-((W102-AB102)/5) -> 25 | Y102: =X102-((W102-AB102)/5) -> 25 | Z102: =Y102-((W102-AB102)/5) -> 25 | AA102: =Z102-((W102-AB102)/5) -> 25 | AB102: 25 | AC102: =AB102-((AB102-AG102)/5) -> 25 | AD102: =AC102-((AB102-AG102)/5) -> 25 | AE102: =AD102-((AB102-AG102)/5) -> 25 | AF102: =AE102-((AB102-AG102)/5) -> 25 | AG102: 25 | AH102: =AG102-((AG102-AL102)/5) -> 25 | AI102: =AH102-((AG102-AL102)/5) -> 25 | AJ102: =AI102-((AG102-AL102)/5) -> 25 | AK102: =AJ102-((AG102-AL102)/5) -> 25 | AL102: 25 | AM102: =AL102-((AL102-AQ102)/5) -> 25 | AN102: =AM102-((AL102-AQ102)/5) -> 25 | AO102: =AN102-((AL102-AQ102)/5) -> 25 | AP102: =AO102-((AL102-AQ102)/5) -> 25 | AQ102: 25 | AR102: =AQ102-((AQ102-AV102)/5) -> 25 | AS102: =AR102-((AQ102-AV102)/5) -> 25 | AT102: =AS102-((AQ102-AV102)/5) -> 25 | AU102: =AT102-((AQ102-AV102)/5) -> 25 | AV102: 25 | AW102: =AV102-((AV102-BA102)/5) -> 25 | AX102: =AW102-((AV102-BA102)/5) -> 25 | AY102: =AX102-((AV102-BA102)/5) -> 25 | AZ102: =AY102-((AV102-BA102)/5) -> 25 | BA102: 25 | BB102: =BA102-((BA102-BF102)/5) -> 25 | BC102: =BB102-((BA102-BF102)/5) -> 25 | BD102: =BC102-((BA102-BF102)/5) -> 25 | BE102: =BD102-((BA102-BF102)/5) -> 25 | BF102: 25 | BG102: =BF102-((BF102-BK102)/5) -> 25 | BH102: =BG102-((BF102-BK102)/5) -> 25 | BI102: =BH102-((BF102-BK102)/5) -> 25 | BJ102: =BI102-((BF102-BK102)/5) -> 25 | BK102: 25 | BL102: =BK102-((BK102-BP102)/5) -> 25 | BM102: =BL102-((BK102-BP102)/5) -> 25 | BN102: =BM102-((BK102-BP102)/5) -> 25 | BO102: =BN102-((BK102-BP102)/5) -> 25 | BP102: 25 | BQ102: =BP102-((BP102-BU102)/5) -> 25 | BR102: =BQ102-((BP102-BU102)/5) -> 25 | BS102: =BR102-((BP102-BU102)/5) -> 25 | BT102: =BS102-((BP102-BU102)/5) -> 25 | BU102: 25 | BV102: =BU102-((BU102-BZ102)/5) -> 25 | BW102: =BV102-((BU102-BZ102)/5) -> 25 | BX102: =BW102-((BU102-BZ102)/5) -> 25 | BY102: =BX102-((BU102-BZ102)/5) -> 25 | BZ102: 25 | CA102: =BZ102-((BZ102-CE102)/5) -> 25 | CB102: =CA102-((BZ102-CE102)/5) -> 25 | CC102: =CB102-((BZ102-CE102)/5) -> 25 | CD102: =CC102-((BZ102-CE102)/5) -> 25 | CE102: 25 | CF102: =CE102-((CE102-CJ102)/5) -> 25 | CG102: =CF102-((CE102-CJ102)/5) -> 25 | CH102: =CG102-((CE102-CJ102)/5) -> 25 | CI102: =CH102-((CE102-CJ102)/5) -> 25 | CJ102: 25 | CK102: =CJ102-((CJ102-CO102)/5) -> 25 | CL102: =CK102-((CJ102-CO102)/5) -> 25 | CM102: =CL102-((CJ102-CO102)/5) -> 25 | CN102: =CM102-((CJ102-CO102)/5) -> 25 | CO102: 25 | CP102: =CO102-((CO102-CT102)/5) -> 25 | CQ102: =CP102-((CO102-CT102)/5) -> 25 | CR102: =CQ102-((CO102-CT102)/5) -> 25 | CS102: =CR102-((CO102-CT102)/5) -> 25 | CT102: 25 | CU102: =CT102-((CT102-CY102)/5) -> 24 | CV102: =CU102-((CT102-CY102)/5) -> 23 | CW102: =CV102-((CT102-CY102)/5) -> 22 | CX102: =CW102-((CT102-CY102)/5) -> 21 | CY102: 20 | CZ102: =CY102-((CY102-DD102)/5) -> 20 | DA102: =CZ102-((CY102-DD102)/5) -> 20 | DB102: =DA102-((CY102-DD102)/5) -> 20 | DC102: =DB102-((CY102-DD102)/5) -> 20 | DD102: 20 | DE102: =DD102-((DD102-DI102)/5) -> 20 | DF102: =DE102-((DD102-DI102)/5) -> 20 | DG102: =DF102-((DD102-DI102)/5) -> 20 | DH102: =DG102-((DD102-DI102)/5) -> 20 | DI102: 20 | DJ102: =DI102-((DI102-DN102)/5) -> 20 | DK102: =DJ102-((DI102-DN102)/5) -> 20 | DL102: =DK102-((DI102-DN102)/5) -> 20 | DM102: =DL102-((DI102-DN102)/5) -> 20 | DN102: 20 | DO102: =DN102-((DN102-DS102)/5) -> 20 | DP102: =DO102-((DN102-DS102)/5) -> 20 | DQ102: =DP102-((DN102-DS102)/5) -> 20 | DR102: =DQ102-((DN102-DS102)/5) -> 20 | DS102: 20 | DT102: =DS102-((DS102-DX102)/5) -> 20 | DU102: =DT102-((DS102-DX102)/5) -> 20 | DV102: =DU102-((DS102-DX102)/5) -> 20 | DW102: =DV102-((DS102-DX102)/5) -> 20 | DX102: 20 | DY102: =DX102 -> 20 | DZ102: =DY102 -> 20 | EA102: =DZ102 -> 20 | EB102: =EA102 -> 20 | EC102: 20
A103: 19 | B103: Driveway - bitumen | C103: uptake - original | D103: 0 | E103: =D103 -> 0 | F103: =E103 -> 0 | G103: =F103 -> 0 | H103: 0 | I103: =H103-((H103-M103)/5) -> 0.01 | J103: =I103-((H103-M103)/5) -> 0.02 | K103: =J103-((H103-M103)/5) -> 0.03 | L103: =K103-((H103-M103)/5) -> 0.04 | M103: 0.05 | N103: =M103-((M103-R103)/5) -> 0.05 | O103: =N103-((M103-R103)/5) -> 0.05 | P103: =O103-((M103-R103)/5) -> 0.05 | Q103: =P103-((M103-R103)/5) -> 0.05 | R103: 0.05 | S103: =R103-((R103-W103)/5) -> 0.05 | T103: =S103-((R103-W103)/5) -> 0.05 | U103: =T103-((R103-W103)/5) -> 0.05 | V103: =U103-((R103-W103)/5) -> 0.05 | W103: 0.05 | X103: =W103-((W103-AB103)/5) -> 0.05 | Y103: =X103-((W103-AB103)/5) -> 0.05 | Z103: =Y103-((W103-AB103)/5) -> 0.05 | AA103: =Z103-((W103-AB103)/5) -> 0.05 | AB103: 0.05 | AC103: =AB103-((AB103-AG103)/5) -> 0.06 | AD103: =AC103-((AB103-AG103)/5) -> 0.07 | AE103: =AD103-((AB103-AG103)/5) -> 0.08 | AF103: =AE103-((AB103-AG103)/5) -> 0.09 | AG103: 0.1 | AH103: =AG103-((AG103-AL103)/5) -> 0.1 | AI103: =AH103-((AG103-AL103)/5) -> 0.1 | AJ103: =AI103-((AG103-AL103)/5) -> 0.1 | AK103: =AJ103-((AG103-AL103)/5) -> 0.1 | AL103: 0.1 | AM103: =AL103-((AL103-AQ103)/5) -> 0.1 | AN103: =AM103-((AL103-AQ103)/5) -> 0.1 | AO103: =AN103-((AL103-AQ103)/5) -> 0.1 | AP103: =AO103-((AL103-AQ103)/5) -> 0.1 | AQ103: 0.1 | AR103: =AQ103-((AQ103-AV103)/5) -> 0.1 | AS103: =AR103-((AQ103-AV103)/5) -> 0.1 | AT103: =AS103-((AQ103-AV103)/5) -> 0.1 | AU103: =AT103-((AQ103-AV103)/5) -> 0.1 | AV103: 0.1 | AW103: =AV103-((AV103-BA103)/5) -> 0.11 | AX103: =AW103-((AV103-BA103)/5) -> 0.12 | AY103: =AX103-((AV103-BA103)/5) -> 0.13 | AZ103: =AY103-((AV103-BA103)/5) -> 0.14 | BA103: 0.15 | BB103: =BA103-((BA103-BF103)/5) -> 0.15 | BC103: =BB103-((BA103-BF103)/5) -> 0.15 | BD103: =BC103-((BA103-BF103)/5) -> 0.15 | BE103: =BD103-((BA103-BF103)/5) -> 0.15 | BF103: 0.15 | BG103: =BF103-((BF103-BK103)/5) -> 0.16 | BH103: =BG103-((BF103-BK103)/5) -> 0.17 | BI103: =BH103-((BF103-BK103)/5) -> 0.18 | BJ103: =BI103-((BF103-BK103)/5) -> 0.19 | BK103: 0.2 | BL103: =BK103-((BK103-BP103)/5) -> 0.21 | BM103: =BL103-((BK103-BP103)/5) -> 0.22 | BN103: =BM103-((BK103-BP103)/5) -> 0.23 | BO103: =BN103-((BK103-BP103)/5) -> 0.24 | BP103: 0.25 | BQ103: =BP103-((BP103-BU103)/5) -> 0.26 | BR103: =BQ103-((BP103-BU103)/5) -> 0.27 | BS103: =BR103-((BP103-BU103)/5) -> 0.28 | BT103: =BS103-((BP103-BU103)/5) -> 0.29 | BU103: 0.3 | BV103: =BU103-((BU103-BZ103)/5) -> 0.32 | BW103: =BV103-((BU103-BZ103)/5) -> 0.34 | BX103: =BW103-((BU103-BZ103)/5) -> 0.36 | BY103: =BX103-((BU103-BZ103)/5) -> 0.38 | BZ103: 0.4 | CA103: =BZ103-((BZ103-CE103)/5) -> 0.4 | CB103: =CA103-((BZ103-CE103)/5) -> 0.4 | CC103: =CB103-((BZ103-CE103)/5) -> 0.4 | CD103: =CC103-((BZ103-CE103)/5) -> 0.4 | CE103: 0.4 | CF103: =CE103-((CE103-CJ103)/5) -> 0.41 | CG103: =CF103-((CE103-CJ103)/5) -> 0.42 | CH103: =CG103-((CE103-CJ103)/5) -> 0.43 | CI103: =CH103-((CE103-CJ103)/5) -> 0.44 | CJ103: 0.45 | CK103: =CJ103-((CJ103-CO103)/5) -> 0.44 | CL103: =CK103-((CJ103-CO103)/5) -> 0.43 | CM103: =CL103-((CJ103-CO103)/5) -> 0.42 | CN103: =CM103-((CJ103-CO103)/5) -> 0.41 | CO103: 0.4 | CP103: =CO103-((CO103-CT103)/5) -> 0.39 | CQ103: =CP103-((CO103-CT103)/5) -> 0.38 | CR103: =CQ103-((CO103-CT103)/5) -> 0.37 | CS103: =CR103-((CO103-CT103)/5) -> 0.36 | CT103: 0.35 | CU103: =CT103-((CT103-CY103)/5) -> 0.34 | CV103: =CU103-((CT103-CY103)/5) -> 0.33 | CW103: =CV103-((CT103-CY103)/5) -> 0.32 | CX103: =CW103-((CT103-CY103)/5) -> 0.31 | CY103: 0.3 | CZ103: =CY103-((CY103-DD103)/5) -> 0.3 | DA103: =CZ103-((CY103-DD103)/5) -> 0.3 | DB103: =DA103-((CY103-DD103)/5) -> 0.3 | DC103: =DB103-((CY103-DD103)/5) -> 0.3 | DD103: 0.3 | DE103: =DD103-((DD103-DI103)/5) -> 0.28 | DF103: =DE103-((DD103-DI103)/5) -> 0.26 | DG103: =DF103-((DD103-DI103)/5) -> 0.24 | DH103: =DG103-((DD103-DI103)/5) -> 0.22 | DI103: 0.2 | DJ103: =DI103-((DI103-DN103)/5) -> 0.184 | DK103: =DJ103-((DI103-DN103)/5) -> 0.168 | DL103: =DK103-((DI103-DN103)/5) -> 0.152 | DM103: =DL103-((DI103-DN103)/5) -> 0.136 | DN103: 0.12 | DO103: =DN103-((DN103-DS103)/5) -> 0.102 | DP103: =DO103-((DN103-DS103)/5) -> 0.084 | DQ103: =DP103-((DN103-DS103)/5) -> 0.066 | DR103: =DQ103-((DN103-DS103)/5) -> 0.048 | DS103: 0.03 | DT103: =DS103-((DS103-DX103)/5) -> 0.03 | DU103: =DT103-((DS103-DX103)/5) -> 0.03 | DV103: =DU103-((DS103-DX103)/5) -> 0.03 | DW103: =DV103-((DS103-DX103)/5) -> 0.03 | DX103: 0.03 | DY103: =DX103 -> 0.03 | DZ103: =DY103 -> 0.03 | EA103: =DZ103 -> 0.03 | EB103: =EA103 -> 0.03 | EC103: 0.03
C104: uptake - new | D104: 0.46 | E104: =D104 -> 0.46 | F104: =E104 -> 0.46 | G104: =F104 -> 0.46
C105: life | D105: 0 | E105: =D105 -> 0 | F105: =E105 -> 0 | G105: =F105 -> 0 | H105: 15 | I105: =H105-((H105-M105)/5) -> 15 | J105: =I105-((H105-M105)/5) -> 15 | K105: =J105-((H105-M105)/5) -> 15 | L105: =K105-((H105-M105)/5) -> 15 | M105: 15 | N105: =M105-((M105-R105)/5) -> 15 | O105: =N105-((M105-R105)/5) -> 15 | P105: =O105-((M105-R105)/5) -> 15 | Q105: =P105-((M105-R105)/5) -> 15 | R105: 15 | S105: =R105-((R105-W105)/5) -> 15 | T105: =S105-((R105-W105)/5) -> 15 | U105: =T105-((R105-W105)/5) -> 15 | V105: =U105-((R105-W105)/5) -> 15 | W105: 15 | X105: =W105-((W105-AB105)/5) -> 15 | Y105: =X105-((W105-AB105)/5) -> 15 | Z105: =Y105-((W105-AB105)/5) -> 15 | AA105: =Z105-((W105-AB105)/5) -> 15 | AB105: 15 | AC105: =AB105-((AB105-AG105)/5) -> 15 | AD105: =AC105-((AB105-AG105)/5) -> 15 | AE105: =AD105-((AB105-AG105)/5) -> 15 | AF105: =AE105-((AB105-AG105)/5) -> 15 | AG105: 15 | AH105: =AG105-((AG105-AL105)/5) -> 15 | AI105: =AH105-((AG105-AL105)/5) -> 15 | AJ105: =AI105-((AG105-AL105)/5) -> 15 | AK105: =AJ105-((AG105-AL105)/5) -> 15 | AL105: 15 | AM105: =AL105-((AL105-AQ105)/5) -> 15 | AN105: =AM105-((AL105-AQ105)/5) -> 15 | AO105: =AN105-((AL105-AQ105)/5) -> 15 | AP105: =AO105-((AL105-AQ105)/5) -> 15 | AQ105: 15 | AR105: =AQ105-((AQ105-AV105)/5) -> 15 | AS105: =AR105-((AQ105-AV105)/5) -> 15 | AT105: =AS105-((AQ105-AV105)/5) -> 15 | AU105: =AT105-((AQ105-AV105)/5) -> 15 | AV105: 15 | AW105: =AV105-((AV105-BA105)/5) -> 15 | AX105: =AW105-((AV105-BA105)/5) -> 15 | AY105: =AX105-((AV105-BA105)/5) -> 15 | AZ105: =AY105-((AV105-BA105)/5) -> 15 | BA105: 15 | BB105: =BA105-((BA105-BF105)/5) -> 15 | BC105: =BB105-((BA105-BF105)/5) -> 15 | BD105: =BC105-((BA105-BF105)/5) -> 15 | BE105: =BD105-((BA105-BF105)/5) -> 15 | BF105: 15 | BG105: =BF105-((BF105-BK105)/5) -> 15 | BH105: =BG105-((BF105-BK105)/5) -> 15 | BI105: =BH105-((BF105-BK105)/5) -> 15 | BJ105: =BI105-((BF105-BK105)/5) -> 15 | BK105: 15 | BL105: =BK105-((BK105-BP105)/5) -> 15 | BM105: =BL105-((BK105-BP105)/5) -> 15 | BN105: =BM105-((BK105-BP105)/5) -> 15 | BO105: =BN105-((BK105-BP105)/5) -> 15 | BP105: 15 | BQ105: =BP105-((BP105-BU105)/5) -> 15 | BR105: =BQ105-((BP105-BU105)/5) -> 15 | BS105: =BR105-((BP105-BU105)/5) -> 15 | BT105: =BS105-((BP105-BU105)/5) -> 15 | BU105: 15 | BV105: =BU105-((BU105-BZ105)/5) -> 15 | BW105: =BV105-((BU105-BZ105)/5) -> 15 | BX105: =BW105-((BU105-BZ105)/5) -> 15 | BY105: =BX105-((BU105-BZ105)/5) -> 15 | BZ105: 15 | CA105: =BZ105-((BZ105-CE105)/5) -> 15 | CB105: =CA105-((BZ105-CE105)/5) -> 15 | CC105: =CB105-((BZ105-CE105)/5) -> 15 | CD105: =CC105-((BZ105-CE105)/5) -> 15 | CE105: 15 | CF105: =CE105-((CE105-CJ105)/5) -> 15 | CG105: =CF105-((CE105-CJ105)/5) -> 15 | CH105: =CG105-((CE105-CJ105)/5) -> 15 | CI105: =CH105-((CE105-CJ105)/5) -> 15 | CJ105: 15 | CK105: =CJ105-((CJ105-CO105)/5) -> 15 | CL105: =CK105-((CJ105-CO105)/5) -> 15 | CM105: =CL105-((CJ105-CO105)/5) -> 15 | CN105: =CM105-((CJ105-CO105)/5) -> 15 | CO105: 15 | CP105: =CO105-((CO105-CT105)/5) -> 15 | CQ105: =CP105-((CO105-CT105)/5) -> 15 | CR105: =CQ105-((CO105-CT105)/5) -> 15 | CS105: =CR105-((CO105-CT105)/5) -> 15 | CT105: 15 | CU105: =CT105-((CT105-CY105)/5) -> 15 | CV105: =CU105-((CT105-CY105)/5) -> 15 | CW105: =CV105-((CT105-CY105)/5) -> 15 | CX105: =CW105-((CT105-CY105)/5) -> 15 | CY105: 15 | CZ105: =CY105-((CY105-DD105)/5) -> 15 | DA105: =CZ105-((CY105-DD105)/5) -> 15 | DB105: =DA105-((CY105-DD105)/5) -> 15 | DC105: =DB105-((CY105-DD105)/5) -> 15 | DD105: 15 | DE105: =DD105-((DD105-DI105)/5) -> 15 | DF105: =DE105-((DD105-DI105)/5) -> 15 | DG105: =DF105-((DD105-DI105)/5) -> 15 | DH105: =DG105-((DD105-DI105)/5) -> 15 | DI105: 15 | DJ105: =DI105-((DI105-DN105)/5) -> 15 | DK105: =DJ105-((DI105-DN105)/5) -> 15 | DL105: =DK105-((DI105-DN105)/5) -> 15 | DM105: =DL105-((DI105-DN105)/5) -> 15 | DN105: 15 | DO105: =DN105-((DN105-DS105)/5) -> 15 | DP105: =DO105-((DN105-DS105)/5) -> 15 | DQ105: =DP105-((DN105-DS105)/5) -> 15 | DR105: =DQ105-((DN105-DS105)/5) -> 15 | DS105: 15 | DT105: =DS105-((DS105-DX105)/5) -> 15 | DU105: =DT105-((DS105-DX105)/5) -> 15 | DV105: =DU105-((DS105-DX105)/5) -> 15 | DW105: =DV105-((DS105-DX105)/5) -> 15 | DX105: 15 | DY105: =DX105 -> 15 | DZ105: =DY105 -> 15 | EA105: =DZ105 -> 15 | EB105: =EA105 -> 15 | EC105: 15
A106: 20 | B106: Driveway - concrete | C106: uptake - original | D106: 0 | E106: =D106 -> 0 | F106: =E106 -> 0 | G106: =F106 -> 0 | H106: 0 | I106: =H106-((H106-M106)/5) -> 0 | J106: =I106-((H106-M106)/5) -> 0 | K106: =J106-((H106-M106)/5) -> 0 | L106: =K106-((H106-M106)/5) -> 0 | M106: 0 | N106: =M106-((M106-R106)/5) -> 0 | O106: =N106-((M106-R106)/5) -> 0 | P106: =O106-((M106-R106)/5) -> 0 | Q106: =P106-((M106-R106)/5) -> 0 | R106: 0 | S106: =R106-((R106-W106)/5) -> 0 | T106: =S106-((R106-W106)/5) -> 0 | U106: =T106-((R106-W106)/5) -> 0 | V106: =U106-((R106-W106)/5) -> 0 | W106: 0 | X106: =W106-((W106-AB106)/5) -> 0 | Y106: =X106-((W106-AB106)/5) -> 0 | Z106: =Y106-((W106-AB106)/5) -> 0 | AA106: =Z106-((W106-AB106)/5) -> 0 | AB106: 0 | AC106: =AB106-((AB106-AG106)/5) -> 0 | AD106: =AC106-((AB106-AG106)/5) -> 0 | AE106: =AD106-((AB106-AG106)/5) -> 0 | AF106: =AE106-((AB106-AG106)/5) -> 0 | AG106: 0 | AH106: =AG106-((AG106-AL106)/5) -> 0 | AI106: =AH106-((AG106-AL106)/5) -> 0 | AJ106: =AI106-((AG106-AL106)/5) -> 0 | AK106: =AJ106-((AG106-AL106)/5) -> 0 | AL106: 0 | AM106: =AL106-((AL106-AQ106)/5) -> 0 | AN106: =AM106-((AL106-AQ106)/5) -> 0 | AO106: =AN106-((AL106-AQ106)/5) -> 0 | AP106: =AO106-((AL106-AQ106)/5) -> 0 | AQ106: 0 | AR106: =AQ106-((AQ106-AV106)/5) -> 0 | AS106: =AR106-((AQ106-AV106)/5) -> 0 | AT106: =AS106-((AQ106-AV106)/5) -> 0 | AU106: =AT106-((AQ106-AV106)/5) -> 0 | AV106: 0 | AW106: =AV106-((AV106-BA106)/5) -> 0.01 | AX106: =AW106-((AV106-BA106)/5) -> 0.02 | AY106: =AX106-((AV106-BA106)/5) -> 0.03 | AZ106: =AY106-((AV106-BA106)/5) -> 0.04 | BA106: 0.05 | BB106: =BA106-((BA106-BF106)/5) -> 0.06 | BC106: =BB106-((BA106-BF106)/5) -> 0.07 | BD106: =BC106-((BA106-BF106)/5) -> 0.08 | BE106: =BD106-((BA106-BF106)/5) -> 0.09 | BF106: 0.1 | BG106: =BF106-((BF106-BK106)/5) -> 0.1 | BH106: =BG106-((BF106-BK106)/5) -> 0.1 | BI106: =BH106-((BF106-BK106)/5) -> 0.1 | BJ106: =BI106-((BF106-BK106)/5) -> 0.1 | BK106: 0.1 | BL106: =BK106-((BK106-BP106)/5) -> 0.11 | BM106: =BL106-((BK106-BP106)/5) -> 0.12 | BN106: =BM106-((BK106-BP106)/5) -> 0.13 | BO106: =BN106-((BK106-BP106)/5) -> 0.14 | BP106: 0.15 | BQ106: =BP106-((BP106-BU106)/5) -> 0.16 | BR106: =BQ106-((BP106-BU106)/5) -> 0.17 | BS106: =BR106-((BP106-BU106)/5) -> 0.18 | BT106: =BS106-((BP106-BU106)/5) -> 0.19 | BU106: 0.2 | BV106: =BU106-((BU106-BZ106)/5) -> 0.21 | BW106: =BV106-((BU106-BZ106)/5) -> 0.22 | BX106: =BW106-((BU106-BZ106)/5) -> 0.23 | BY106: =BX106-((BU106-BZ106)/5) -> 0.24 | BZ106: 0.25 | CA106: =BZ106-((BZ106-CE106)/5) -> 0.27 | CB106: =CA106-((BZ106-CE106)/5) -> 0.29 | CC106: =CB106-((BZ106-CE106)/5) -> 0.31 | CD106: =CC106-((BZ106-CE106)/5) -> 0.33 | CE106: 0.35 | CF106: =CE106-((CE106-CJ106)/5) -> 0.36 | CG106: =CF106-((CE106-CJ106)/5) -> 0.37 | CH106: =CG106-((CE106-CJ106)/5) -> 0.38 | CI106: =CH106-((CE106-CJ106)/5) -> 0.39 | CJ106: 0.4 | CK106: =CJ106-((CJ106-CO106)/5) -> 0.42 | CL106: =CK106-((CJ106-CO106)/5) -> 0.44 | CM106: =CL106-((CJ106-CO106)/5) -> 0.46 | CN106: =CM106-((CJ106-CO106)/5) -> 0.48 | CO106: 0.5 | CP106: =CO106-((CO106-CT106)/5) -> 0.51 | CQ106: =CP106-((CO106-CT106)/5) -> 0.52 | CR106: =CQ106-((CO106-CT106)/5) -> 0.53 | CS106: =CR106-((CO106-CT106)/5) -> 0.54 | CT106: 0.55 | CU106: =CT106-((CT106-CY106)/5) -> 0.56 | CV106: =CU106-((CT106-CY106)/5) -> 0.57 | CW106: =CV106-((CT106-CY106)/5) -> 0.58 | CX106: =CW106-((CT106-CY106)/5) -> 0.59 | CY106: 0.6 | CZ106: =CY106-((CY106-DD106)/5) -> 0.61 | DA106: =CZ106-((CY106-DD106)/5) -> 0.62 | DB106: =DA106-((CY106-DD106)/5) -> 0.63 | DC106: =DB106-((CY106-DD106)/5) -> 0.64 | DD106: 0.65 | DE106: =DD106-((DD106-DI106)/5) -> 0.67 | DF106: =DE106-((DD106-DI106)/5) -> 0.69 | DG106: =DF106-((DD106-DI106)/5) -> 0.71 | DH106: =DG106-((DD106-DI106)/5) -> 0.73 | DI106: 0.75 | DJ106: =DI106-((DI106-DN106)/5) -> 0.77 | DK106: =DJ106-((DI106-DN106)/5) -> 0.79 | DL106: =DK106-((DI106-DN106)/5) -> 0.81 | DM106: =DL106-((DI106-DN106)/5) -> 0.83 | DN106: 0.85 | DO106: =DN106-((DN106-DS106)/5) -> 0.87 | DP106: =DO106-((DN106-DS106)/5) -> 0.89 | DQ106: =DP106-((DN106-DS106)/5) -> 0.91 | DR106: =DQ106-((DN106-DS106)/5) -> 0.93 | DS106: 0.95 | DT106: =DS106-((DS106-DX106)/5) -> 0.95 | DU106: =DT106-((DS106-DX106)/5) -> 0.95 | DV106: =DU106-((DS106-DX106)/5) -> 0.95 | DW106: =DV106-((DS106-DX106)/5) -> 0.95 | DX106: 0.95 | DY106: =DX106 -> 0.95 | DZ106: =DY106 -> 0.95 | EA106: =DZ106 -> 0.95 | EB106: =EA106 -> 0.95 | EC106: 0.95
C107: uptake - new | D107: 0.47 | E107: =D107 -> 0.47 | F107: =E107 -> 0.47 | G107: =F107 -> 0.47
C108: life | D108: 0 | E108: =D108 -> 0 | F108: =E108 -> 0 | G108: =F108 -> 0 | H108: 0 | I108: =H108-((H108-M108)/5) -> 0 | J108: =I108-((H108-M108)/5) -> 0 | K108: =J108-((H108-M108)/5) -> 0 | L108: =K108-((H108-M108)/5) -> 0 | M108: 0 | N108: =M108-((M108-R108)/5) -> 0 | O108: =N108-((M108-R108)/5) -> 0 | P108: =O108-((M108-R108)/5) -> 0 | Q108: =P108-((M108-R108)/5) -> 0 | R108: 0 | S108: =R108-((R108-W108)/5) -> 0 | T108: =S108-((R108-W108)/5) -> 0 | U108: =T108-((R108-W108)/5) -> 0 | V108: =U108-((R108-W108)/5) -> 0 | W108: 0 | X108: =W108-((W108-AB108)/5) -> 0 | Y108: =X108-((W108-AB108)/5) -> 0 | Z108: =Y108-((W108-AB108)/5) -> 0 | AA108: =Z108-((W108-AB108)/5) -> 0 | AB108: 0 | AC108: =AB108-((AB108-AG108)/5) -> 0 | AD108: =AC108-((AB108-AG108)/5) -> 0 | AE108: =AD108-((AB108-AG108)/5) -> 0 | AF108: =AE108-((AB108-AG108)/5) -> 0 | AG108: 0 | AH108: =AG108-((AG108-AL108)/5) -> 0 | AI108: =AH108-((AG108-AL108)/5) -> 0 | AJ108: =AI108-((AG108-AL108)/5) -> 0 | AK108: =AJ108-((AG108-AL108)/5) -> 0 | AL108: 0 | AM108: =AL108-((AL108-AQ108)/5) -> 0 | AN108: =AM108-((AL108-AQ108)/5) -> 0 | AO108: =AN108-((AL108-AQ108)/5) -> 0 | AP108: =AO108-((AL108-AQ108)/5) -> 0 | AQ108: 0 | AR108: =AQ108-((AQ108-AV108)/5) -> 6 | AS108: =AR108-((AQ108-AV108)/5) -> 12 | AT108: =AS108-((AQ108-AV108)/5) -> 18 | AU108: =AT108-((AQ108-AV108)/5) -> 24 | AV108: 30 | AW108: =AV108-((AV108-BA108)/5) -> 30 | AX108: =AW108-((AV108-BA108)/5) -> 30 | AY108: =AX108-((AV108-BA108)/5) -> 30 | AZ108: =AY108-((AV108-BA108)/5) -> 30 | BA108: 30 | BB108: =BA108-((BA108-BF108)/5) -> 30 | BC108: =BB108-((BA108-BF108)/5) -> 30 | BD108: =BC108-((BA108-BF108)/5) -> 30 | BE108: =BD108-((BA108-BF108)/5) -> 30 | BF108: 30 | BG108: =BF108-((BF108-BK108)/5) -> 30 | BH108: =BG108-((BF108-BK108)/5) -> 30 | BI108: =BH108-((BF108-BK108)/5) -> 30 | BJ108: =BI108-((BF108-BK108)/5) -> 30 | BK108: 30 | BL108: =BK108-((BK108-BP108)/5) -> 31 | BM108: =BL108-((BK108-BP108)/5) -> 32 | BN108: =BM108-((BK108-BP108)/5) -> 33 | BO108: =BN108-((BK108-BP108)/5) -> 34 | BP108: 35 | BQ108: =BP108-((BP108-BU108)/5) -> 35 | BR108: =BQ108-((BP108-BU108)/5) -> 35 | BS108: =BR108-((BP108-BU108)/5) -> 35 | BT108: =BS108-((BP108-BU108)/5) -> 35 | BU108: 35 | BV108: =BU108-((BU108-BZ108)/5) -> 35 | BW108: =BV108-((BU108-BZ108)/5) -> 35 | BX108: =BW108-((BU108-BZ108)/5) -> 35 | BY108: =BX108-((BU108-BZ108)/5) -> 35 | BZ108: 35 | CA108: =BZ108-((BZ108-CE108)/5) -> 35 | CB108: =CA108-((BZ108-CE108)/5) -> 35 | CC108: =CB108-((BZ108-CE108)/5) -> 35 | CD108: =CC108-((BZ108-CE108)/5) -> 35 | CE108: 35 | CF108: =CE108-((CE108-CJ108)/5) -> 34 | CG108: =CF108-((CE108-CJ108)/5) -> 33 | CH108: =CG108-((CE108-CJ108)/5) -> 32 | CI108: =CH108-((CE108-CJ108)/5) -> 31 | CJ108: 30 | CK108: =CJ108-((CJ108-CO108)/5) -> 30 | CL108: =CK108-((CJ108-CO108)/5) -> 30 | CM108: =CL108-((CJ108-CO108)/5) -> 30 | CN108: =CM108-((CJ108-CO108)/5) -> 30 | CO108: 30 | CP108: =CO108-((CO108-CT108)/5) -> 30 | CQ108: =CP108-((CO108-CT108)/5) -> 30 | CR108: =CQ108-((CO108-CT108)/5) -> 30 | CS108: =CR108-((CO108-CT108)/5) -> 30 | CT108: 30 | CU108: =CT108-((CT108-CY108)/5) -> 29 | CV108: =CU108-((CT108-CY108)/5) -> 28 | CW108: =CV108-((CT108-CY108)/5) -> 27 | CX108: =CW108-((CT108-CY108)/5) -> 26 | CY108: 25 | CZ108: =CY108-((CY108-DD108)/5) -> 25 | DA108: =CZ108-((CY108-DD108)/5) -> 25 | DB108: =DA108-((CY108-DD108)/5) -> 25 | DC108: =DB108-((CY108-DD108)/5) -> 25 | DD108: 25 | DE108: =DD108-((DD108-DI108)/5) -> 25 | DF108: =DE108-((DD108-DI108)/5) -> 25 | DG108: =DF108-((DD108-DI108)/5) -> 25 | DH108: =DG108-((DD108-DI108)/5) -> 25 | DI108: 25 | DJ108: =DI108-((DI108-DN108)/5) -> 26 | DK108: =DJ108-((DI108-DN108)/5) -> 27 | DL108: =DK108-((DI108-DN108)/5) -> 28 | DM108: =DL108-((DI108-DN108)/5) -> 29 | DN108: 30 | DO108: =DN108-((DN108-DS108)/5) -> 28 | DP108: =DO108-((DN108-DS108)/5) -> 26 | DQ108: =DP108-((DN108-DS108)/5) -> 24 | DR108: =DQ108-((DN108-DS108)/5) -> 22 | DS108: 20 | DT108: =DS108-((DS108-DX108)/5) -> 20 | DU108: =DT108-((DS108-DX108)/5) -> 20 | DV108: =DU108-((DS108-DX108)/5) -> 20 | DW108: =DV108-((DS108-DX108)/5) -> 20 | DX108: 20 | DY108: =DX108 -> 20 | DZ108: =DY108 -> 20 | EA108: =DZ108 -> 20 | EB108: =EA108 -> 20 | EC108: 20
B109: Driveway - total | C109: uptake - original | D109: =SUM(D97,D100,D103,D106) -> 1 | E109: =SUM(E97,E100,E103,E106) -> 1 | F109: =SUM(F97,F100,F103,F106) -> 1 | G109: =SUM(G97,G100,G103,G106) -> 1 | H109: =SUM(H97,H100,H103,H106) -> 1 | I109: =SUM(I97,I100,I103,I106) -> 1 | J109: =SUM(J97,J100,J103,J106) -> 1 | K109: =SUM(K97,K100,K103,K106) -> 1 | ... EC109: =SUM(EC97,EC100,EC103,EC106) -> 1
C110: uptake - new | D110: =SUM(D98,D101,D104,D107) -> 1.82 | E110: =SUM(E98,E101,E104,E107) -> 1.38 | F110: =SUM(F98,F101,F104,F107) -> 1.38 | G110: =SUM(G98,G101,G104,G107) -> 1.38 | H110: =SUM(H98,H101,H104,H107) -> 0 | I110: =SUM(I98,I101,I104,I107) -> 0 | J110: =SUM(J98,J101,J104,J107) -> 0 | K110: =SUM(K98,K101,K104,K107) -> 0 | ... EC110: =SUM(EC98,EC101,EC104,EC107) -> 0
A111: 21 | B111: Fencing - front | C111: uptake - original | D111: 0.1 | E111: =D111 -> 0.1 | F111: =E111 -> 0.1 | G111: =F111 -> 0.1 | H111: 0.1 | I111: =H111-((H111-M111)/5) -> 0.105 | J111: =I111-((H111-M111)/5) -> 0.11 | K111: =J111-((H111-M111)/5) -> 0.115 | L111: =K111-((H111-M111)/5) -> 0.12 | M111: 0.125 | N111: =M111-((M111-R111)/5) -> 0.13 | O111: =N111-((M111-R111)/5) -> 0.135 | P111: =O111-((M111-R111)/5) -> 0.14 | Q111: =P111-((M111-R111)/5) -> 0.145 | R111: 0.15 | S111: =R111-((R111-W111)/5) -> 0.16 | T111: =S111-((R111-W111)/5) -> 0.17 | U111: =T111-((R111-W111)/5) -> 0.18 | V111: =U111-((R111-W111)/5) -> 0.19 | W111: 0.2 | X111: =W111-((W111-AB111)/5) -> 0.2 | Y111: =X111-((W111-AB111)/5) -> 0.2 | Z111: =Y111-((W111-AB111)/5) -> 0.2 | AA111: =Z111-((W111-AB111)/5) -> 0.2 | AB111: 0.2 | AC111: =AB111-((AB111-AG111)/5) -> 0.2 | AD111: =AC111-((AB111-AG111)/5) -> 0.2 | AE111: =AD111-((AB111-AG111)/5) -> 0.2 | AF111: =AE111-((AB111-AG111)/5) -> 0.2 | AG111: 0.2 | AH111: =AG111-((AG111-AL111)/5) -> 0.204 | AI111: =AH111-((AG111-AL111)/5) -> 0.208 | AJ111: =AI111-((AG111-AL111)/5) -> 0.212 | AK111: =AJ111-((AG111-AL111)/5) -> 0.216 | AL111: 0.22 | AM111: =AL111-((AL111-AQ111)/5) -> 0.22 | AN111: =AM111-((AL111-AQ111)/5) -> 0.22 | AO111: =AN111-((AL111-AQ111)/5) -> 0.22 | AP111: =AO111-((AL111-AQ111)/5) -> 0.22 | AQ111: 0.22 | AR111: =AQ111-((AQ111-AV111)/5) -> 0.22 | AS111: =AR111-((AQ111-AV111)/5) -> 0.22 | AT111: =AS111-((AQ111-AV111)/5) -> 0.22 | AU111: =AT111-((AQ111-AV111)/5) -> 0.22 | AV111: 0.22 | AW111: =AV111-((AV111-BA111)/5) -> 0.226 | AX111: =AW111-((AV111-BA111)/5) -> 0.232 | AY111: =AX111-((AV111-BA111)/5) -> 0.238 | AZ111: =AY111-((AV111-BA111)/5) -> 0.244 | BA111: 0.25 | BB111: =BA111-((BA111-BF111)/5) -> 0.26 | BC111: =BB111-((BA111-BF111)/5) -> 0.27 | BD111: =BC111-((BA111-BF111)/5) -> 0.28 | BE111: =BD111-((BA111-BF111)/5) -> 0.29 | BF111: 0.3 | BG111: =BF111-((BF111-BK111)/5) -> 0.3 | BH111: =BG111-((BF111-BK111)/5) -> 0.3 | BI111: =BH111-((BF111-BK111)/5) -> 0.3 | BJ111: =BI111-((BF111-BK111)/5) -> 0.3 | BK111: 0.3 | BL111: =BK111-((BK111-BP111)/5) -> 0.31 | BM111: =BL111-((BK111-BP111)/5) -> 0.32 | BN111: =BM111-((BK111-BP111)/5) -> 0.33 | BO111: =BN111-((BK111-BP111)/5) -> 0.34 | BP111: 0.35 | BQ111: =BP111-((BP111-BU111)/5) -> 0.36 | BR111: =BQ111-((BP111-BU111)/5) -> 0.37 | BS111: =BR111-((BP111-BU111)/5) -> 0.38 | BT111: =BS111-((BP111-BU111)/5) -> 0.39 | BU111: 0.4 | BV111: =BU111-((BU111-BZ111)/5) -> 0.4 | BW111: =BV111-((BU111-BZ111)/5) -> 0.4 | BX111: =BW111-((BU111-BZ111)/5) -> 0.4 | BY111: =BX111-((BU111-BZ111)/5) -> 0.4 | BZ111: 0.4 | CA111: =BZ111-((BZ111-CE111)/5) -> 0.41 | CB111: =CA111-((BZ111-CE111)/5) -> 0.42 | CC111: =CB111-((BZ111-CE111)/5) -> 0.43 | CD111: =CC111-((BZ111-CE111)/5) -> 0.44 | CE111: 0.45 | CF111: =CE111-((CE111-CJ111)/5) -> 0.45 | CG111: =CF111-((CE111-CJ111)/5) -> 0.45 | CH111: =CG111-((CE111-CJ111)/5) -> 0.45 | CI111: =CH111-((CE111-CJ111)/5) -> 0.45 | CJ111: 0.45 | CK111: =CJ111-((CJ111-CO111)/5) -> 0.45 | CL111: =CK111-((CJ111-CO111)/5) -> 0.45 | CM111: =CL111-((CJ111-CO111)/5) -> 0.45 | CN111: =CM111-((CJ111-CO111)/5) -> 0.45 | CO111: 0.45 | CP111: =CO111-((CO111-CT111)/5) -> 0.45 | CQ111: =CP111-((CO111-CT111)/5) -> 0.45 | CR111: =CQ111-((CO111-CT111)/5) -> 0.45 | CS111: =CR111-((CO111-CT111)/5) -> 0.45 | CT111: 0.45 | CU111: =CT111-((CT111-CY111)/5) -> 0.45 | CV111: =CU111-((CT111-CY111)/5) -> 0.45 | CW111: =CV111-((CT111-CY111)/5) -> 0.45 | CX111: =CW111-((CT111-CY111)/5) -> 0.45 | CY111: 0.45 | CZ111: =CY111-((CY111-DD111)/5) -> 0.45 | DA111: =CZ111-((CY111-DD111)/5) -> 0.45 | DB111: =DA111-((CY111-DD111)/5) -> 0.45 | DC111: =DB111-((CY111-DD111)/5) -> 0.45 | DD111: 0.45 | DE111: =DD111-((DD111-DI111)/5) -> 0.45 | DF111: =DE111-((DD111-DI111)/5) -> 0.45 | DG111: =DF111-((DD111-DI111)/5) -> 0.45 | DH111: =DG111-((DD111-DI111)/5) -> 0.45 | DI111: 0.45 | DJ111: =DI111-((DI111-DN111)/5) -> 0.45 | DK111: =DJ111-((DI111-DN111)/5) -> 0.45 | DL111: =DK111-((DI111-DN111)/5) -> 0.45 | DM111: =DL111-((DI111-DN111)/5) -> 0.45 | DN111: 0.45 | DO111: =DN111-((DN111-DS111)/5) -> 0.45 | DP111: =DO111-((DN111-DS111)/5) -> 0.45 | DQ111: =DP111-((DN111-DS111)/5) -> 0.45 | DR111: =DQ111-((DN111-DS111)/5) -> 0.45 | DS111: 0.45 | DT111: =DS111-((DS111-DX111)/5) -> 0.45 | DU111: =DT111-((DS111-DX111)/5) -> 0.45 | DV111: =DU111-((DS111-DX111)/5) -> 0.45 | DW111: =DV111-((DS111-DX111)/5) -> 0.45 | DX111: 0.45 | DY111: =DX111 -> 0.45 | DZ111: =DY111 -> 0.45 | EA111: =DZ111 -> 0.45 | EB111: =EA111 -> 0.45 | EC111: 0.45
...

Sheet Data
B3: 1 | C3: =B3+1 -> 2 | D3: =C3+1 -> 3 | E3: =D3+1 -> 4 | F3: =E3+1 -> 5 | G3: =F3+1 -> 6 | H3: =G3+1 -> 7 | I3: =H3+1 -> 8 | J3: =I3+1 -> 9 | ... AD3: =AC3+1 -> 29
B5: Total Dwellings | D5: 1901 | E5: =D5+5 -> 1906 | F5: =E5+5 -> 1911 | G5: =F5+5 -> 1916 | H5: =G5+5 -> 1921 | I5: =H5+5 -> 1926 | J5: =I5+5 -> 1931 | K5: =J5+5 -> 1936 | L5: =K5+5 -> 1941 | ... AD5: =AC5+5 -> 2031
B6: AUS | C6: 0.02 | D6: 1000 | E6: =D6*(1+$C6)^5 -> 1104.0808 | F6: =E6*(1+$C6)^5 -> 1218.9944 | G6: =F6*(1+$C6)^5 -> 1345.8683 | H6: =G6*(1+$C6)^5 -> 1485.9474 | I6: =H6*(1+$C6)^5 -> 1640.606 | J6: =I6*(1+$C6)^5 -> 1811.3616 | K6: =J6*(1+$C6)^5 -> 1999.8896 | L6: =K6*(1+$C6)^5 -> 2208.0397 | ... AD6: =AC6*(1+$C6)^5 -> 13122.674
B7: WA | C7: 0.021 | D7: 100 | E7: =D7*(1+$C7)^5 -> 110.95036 | F7: =E7*(1+$C7)^5 -> 123.09982 | G7: =F7*(1+$C7)^5 -> 136.57969 | H7: =G7*(1+$C7)^5 -> 151.53566 | I7: =H7*(1+$C7)^5 -> 168.12936 | J7: =I7*(1+$C7)^5 -> 186.54012 | K7: =J7*(1+$C7)^5 -> 206.96694 | L7: =K7*(1+$C7)^5 -> 229.63056 | ... AD7: =AC7*(1+$C7)^5 -> 1490.5497
B8: 6008 | C8: 0.02 | D8: 5 | E8: =D8*(1+$C8)^5 -> 5.520404 | F8: =E8*(1+$C8)^5 -> 6.0949721 | G8: =F8*(1+$C8)^5 -> 6.7293417 | H8: =G8*(1+$C8)^5 -> 7.429737 | I8: =H8*(1+$C8)^5 -> 8.20303 | J8: =I8*(1+$C8)^5 -> 9.0568079 | K8: =J8*(1+$C8)^5 -> 9.9994478 | L8: =K8*(1+$C8)^5 -> 11.040198 | ... AD8: =AC8*(1+$C8)^5 -> 65.613368
B9: =B8+1 -> 6009 | C9: 0.022 | D9: 6 | E9: =D9*(1+$C9)^5 -> 6.6896859 | F9: =E9*(1+$C9)^5 -> 7.4586497 | G9: =F9*(1+$C9)^5 -> 8.316004 | H9: =G9*(1+$C9)^5 -> 9.2719091 | I9: =H9*(1+$C9)^5 -> 10.337693 | J9: =I9*(1+$C9)^5 -> 11.525987 | K9: =J9*(1+$C9)^5 -> 12.850872 | L9: =K9*(1+$C9)^5 -> 14.32805 | ... AD9: =AC9*(1+$C9)^5 -> 101.57053
B10: =B9+1 -> 6010 | C10: 0.02 | D10: 7 | E10: =D10*(1+$C10)^5 -> 7.7285656 | F10: =E10*(1+$C10)^5 -> 8.5329609 | G10: =F10*(1+$C10)^5 -> 9.4210784 | H10: =G10*(1+$C10)^5 -> 10.401632 | I10: =H10*(1+$C10)^5 -> 11.484242 | J10: =I10*(1+$C10)^5 -> 12.679531 | K10: =J10*(1+$C10)^5 -> 13.999227 | L10: =K10*(1+$C10)^5 -> 15.456278 | ... AD10: =AC10*(1+$C10)^5 -> 91.858716
B11: =B10+1 -> 6011 | C11: 0.019 | D11: 8 | E11: =D11*(1+$C11)^5 -> 8.789434 | F11: =E11*(1+$C11)^5 -> 9.6567687 | G11: =F11*(1+$C11)^5 -> 10.609691 | H11: =G11*(1+$C11)^5 -> 11.656648 | I11: =H11*(1+$C11)^5 -> 12.806917 | J11: =I11*(1+$C11)^5 -> 14.070694 | K11: =J11*(1+$C11)^5 -> 15.459179 | L11: =K11*(1+$C11)^5 -> 16.984679 | ... AD11: =AC11*(1+$C11)^5 -> 92.413179
B12: NSW | C12: 0.019 | D12: 300 | E12: =D12*(1+$C12)^5 -> 329.60377 | F12: =E12*(1+$C12)^5 -> 362.12882 | G12: =F12*(1+$C12)^5 -> 397.86342 | H12: =G12*(1+$C12)^5 -> 437.12428 | I12: =H12*(1+$C12)^5 -> 480.25938 | J12: =I12*(1+$C12)^5 -> 527.65101 | K12: =J12*(1+$C12)^5 -> 579.71921 | L12: =K12*(1+$C12)^5 -> 636.92547 | ... AD12: =AC12*(1+$C12)^5 -> 3465.4942
B13: 2070 | C13: 0.02 | D13: 5 | E13: =D13*(1+$C13)^5 -> 5.520404 | F13: =E13*(1+$C13)^5 -> 6.0949721 | G13: =F13*(1+$C13)^5 -> 6.7293417 | H13: =G13*(1+$C13)^5 -> 7.429737 | I13: =H13*(1+$C13)^5 -> 8.20303 | J13: =I13*(1+$C13)^5 -> 9.0568079 | K13: =J13*(1+$C13)^5 -> 9.9994478 | L13: =K13*(1+$C13)^5 -> 11.040198 | ... AD13: =AC13*(1+$C13)^5 -> 65.613368
B14: =B13+1 -> 2071 | C14: 0.021 | D14: 6 | E14: =D14*(1+$C14)^5 -> 6.6570215 | F14: =E14*(1+$C14)^5 -> 7.3859893 | G14: =F14*(1+$C14)^5 -> 8.1947816 | H14: =G14*(1+$C14)^5 -> 9.0921395 | I14: =H14*(1+$C14)^5 -> 10.087761 | J14: =I14*(1+$C14)^5 -> 11.192407 | K14: =J14*(1+$C14)^5 -> 12.418016 | L14: =K14*(1+$C14)^5 -> 13.777834 | ... AD14: =AC14*(1+$C14)^5 -> 89.432984
B15: =B14+1 -> 2072 | C15: 0.02 | D15: 7 | E15: =D15*(1+$C15)^5 -> 7.7285656 | F15: =E15*(1+$C15)^5 -> 8.5329609 | G15: =F15*(1+$C15)^5 -> 9.4210784 | H15: =G15*(1+$C15)^5 -> 10.401632 | I15: =H15*(1+$C15)^5 -> 11.484242 | J15: =I15*(1+$C15)^5 -> 12.679531 | K15: =J15*(1+$C15)^5 -> 13.999227 | L15: =K15*(1+$C15)^5 -> 15.456278 | ... AD15: =AC15*(1+$C15)^5 -> 91.858716
B16: =B15+1 -> 2073 | C16: 0.019 | D16: 8 | E16: =D16*(1+$C16)^5 -> 8.789434 | F16: =E16*(1+$C16)^5 -> 9.6567687 | G16: =F16*(1+$C16)^5 -> 10.609691 | H16: =G16*(1+$C16)^5 -> 11.656648 | I16: =H16*(1+$C16)^5 -> 12.806917 | J16: =I16*(1+$C16)^5 -> 14.070694 | K16: =J16*(1+$C16)^5 -> 15.459179 | L16: =K16*(1+$C16)^5 -> 16.984679 | ... AD16: =AC16*(1+$C16)^5 -> 92.413179
B17: =B16+1 -> 2074 | C17: 0.018 | D17: 9 | E17: =D17*(1+$C17)^5 -> 9.8396896 | F17: =E17*(1+$C17)^5 -> 10.757721 | G17: =F17*(1+$C17)^5 -> 11.761404 | H17: =G17*(1+$C17)^5 -> 12.85873 | I17: =H17*(1+$C17)^5 -> 14.058434 | J17: =I17*(1+$C17)^5 -> 15.37007 | K17: =J17*(1+$C17)^5 -> 16.80408 | L17: =K17*(1+$C17)^5 -> 18.371881 | ... AD17: =AC17*(1+$C17)^5 -> 91.506859
B18: =B17+1 -> 2075 | C18: 0.019 | D18: 10 | E18: =D18*(1+$C18)^5 -> 10.986792 | F18: =E18*(1+$C18)^5 -> 12.070961 | G18: =F18*(1+$C18)^5 -> 13.262114 | H18: =G18*(1+$C18)^5 -> 14.570809 | I18: =H18*(1+$C18)^5 -> 16.008646 | J18: =I18*(1+$C18)^5 -> 17.588367 | K18: =J18*(1+$C18)^5 -> 19.323974 | L18: =K18*(1+$C18)^5 -> 21.230849 | ... AD18: =AC18*(1+$C18)^5 -> 115.51647
D20: 0.99 | E20: =D20-1% -> 0.98 | F20: =E20-1% -> 0.97 | G20: =F20-1% -> 0.96 | H20: =G20-1% -> 0.95 | I20: =H20-1% -> 0.94 | J20: =I20-1% -> 0.93 | K20: =J20-1% -> 0.92 | L20: =K20-1% -> 0.91 | ... AD20: =AC20-1% -> 0.73
B21: Detached Dwellings | D21: 1901 | E21: =D21+5 -> 1906 | F21: =E21+5 -> 1911 | G21: =F21+5 -> 1916 | H21: =G21+5 -> 1921 | I21: =H21+5 -> 1926 | J21: =I21+5 -> 1931 | K21: =J21+5 -> 1936 | L21: =K21+5 -> 1941 | ... AD21: =AC21+5 -> 2031
B22: AUS | D22: =D6*D$20 -> 990 | E22: =E6*E$20 -> 1081.9992 | F22: =F6*F$20 -> 1182.4246 | G22: =G6*G$20 -> 1292.0336 | H22: =H6*H$20 -> 1411.65 | I22: =I6*I$20 -> 1542.1696 | J22: =J6*J$20 -> 1684.5663 | K22: =K6*K$20 -> 1839.8984 | ... AD22: =AD6*AD$20 -> 9579.5518
B23: WA | D23: =D7*D$20 -> 99 | E23: =E7*E$20 -> 108.73135 | F23: =F7*F$20 -> 119.40683 | G23: =G7*G$20 -> 131.11651 | H23: =H7*H$20 -> 143.95888 | I23: =I7*I$20 -> 158.0416 | J23: =J7*J$20 -> 173.48232 | K23: =K7*K$20 -> 190.40958 | ... AD23: =AD7*AD$20 -> 1088.1013
B24: 6008 | D24: =D8*D$20 -> 4.95 | E24: =E8*E$20 -> 5.4099959 | F24: =F8*F$20 -> 5.9121229 | G24: =G8*G$20 -> 6.460168 | H24: =H8*H$20 -> 7.0582501 | I24: =I8*I$20 -> 7.7108482 | J24: =J8*J$20 -> 8.4228314 | K24: =K8*K$20 -> 9.1994919 | ... AD24: =AD8*AD$20 -> 47.897759
B25: =B24+1 -> 6009 | D25: =D9*D$20 -> 5.94 | E25: =E9*E$20 -> 6.5558922 | F25: =F9*F$20 -> 7.2348902 | G25: =G9*G$20 -> 7.9833638 | H25: =H9*H$20 -> 8.8083137 | I25: =I9*I$20 -> 9.7174317 | J25: =J9*J$20 -> 10.719168 | K25: =K9*K$20 -> 11.822802 | ... AD25: =AD9*AD$20 -> 74.146484
B26: =B25+1 -> 6010 | D26: =D10*D$20 -> 6.93 | E26: =E10*E$20 -> 7.5739943 | F26: =F10*F$20 -> 8.2769721 | G26: =G10*G$20 -> 9.0442352 | H26: =H10*H$20 -> 9.8815502 | I26: =I10*I$20 -> 10.795187 | J26: =J10*J$20 -> 11.791964 | K26: =K10*K$20 -> 12.879289 | ... AD26: =AD10*AD$20 -> 67.056862
B27: =B26+1 -> 6011 | D27: =D11*D$20 -> 7.92 | E27: =E11*E$20 -> 8.6136453 | F27: =F11*F$20 -> 9.3670656 | G27: =G11*G$20 -> 10.185304 | H27: =H11*H$20 -> 11.073815 | I27: =I11*I$20 -> 12.038502 | J27: =J11*J$20 -> 13.085745 | K27: =K11*K$20 -> 14.222445 | ... AD27: =AD11*AD$20 -> 67.46162
B28: NSW | D28: =D12*D$20 -> 297 | E28: =E12*E$20 -> 323.0117 | F28: =F12*F$20 -> 351.26496 | G28: =G12*G$20 -> 381.94889 | H28: =H12*H$20 -> 415.26807 | I28: =I12*I$20 -> 451.44382 | J28: =J12*J$20 -> 490.71544 | K28: =K12*K$20 -> 533.34168 | ... AD28: =AD12*AD$20 -> 2529.8108
B29: 2070 | D29: =D13*D$20 -> 4.95 | E29: =E13*E$20 -> 5.4099959 | F29: =F13*F$20 -> 5.9121229 | G29: =G13*G$20 -> 6.460168 | H29: =H13*H$20 -> 7.0582501 | I29: =I13*I$20 -> 7.7108482 | J29: =J13*J$20 -> 8.4228314 | K29: =K13*K$20 -> 9.1994919 | ... AD29: =AD13*AD$20 -> 47.897759
B30: =B29+1 -> 2071 | D30: =D14*D$20 -> 5.94 | E30: =E14*E$20 -> 6.5238811 | F30: =F14*F$20 -> 7.1644096 | G30: =G14*G$20 -> 7.8669903 | H30: =H14*H$20 -> 8.6375326 | I30: =I14*I$20 -> 9.4824957 | J30: =J14*J$20 -> 10.408939 | K30: =K14*K$20 -> 11.424575 | ... AD30: =AD14*AD$20 -> 65.286078
B31: =B30+1 -> 2072 | D31: =D15*D$20 -> 6.93 | E31: =E15*E$20 -> 7.5739943 | F31: =F15*F$20 -> 8.2769721 | G31: =G15*G$20 -> 9.0442352 | H31: =H15*H$20 -> 9.8815502 | I31: =I15*I$20 -> 10.795187 | J31: =J15*J$20 -> 11.791964 | K31: =K15*K$20 -> 12.879289 | ... AD31: =AD15*AD$20 -> 67.056862
B32: =B31+1 -> 2073 | D32: =D16*D$20 -> 7.92 | E32: =E16*E$20 -> 8.6136453 | F32: =F16*F$20 -> 9.3670656 | G32: =G16*G$20 -> 10.185304 | H32: =H16*H$20 -> 11.073815 | I32: =I16*I$20 -> 12.038502 | J32: =J16*J$20 -> 13.085745 | K32: =K16*K$20 -> 14.222445 | ... AD32: =AD16*AD$20 -> 67.46162
B33: =B32+1 -> 2074 | D33: =D17*D$20 -> 8.91 | E33: =E17*E$20 -> 9.6428958 | F33: =F17*F$20 -> 10.43499 | G33: =G17*G$20 -> 11.290948 | H33: =H17*H$20 -> 12.215793 | I33: =I17*I$20 -> 13.214928 | J33: =J17*J$20 -> 14.294165 | K33: =K17*K$20 -> 15.459754 | ... AD33: =AD17*AD$20 -> 66.800007
B34: =B33+1 -> 2075 | D34: =D18*D$20 -> 9.9 | E34: =E18*E$20 -> 10.767057 | F34: =F18*F$20 -> 11.708832 | G34: =G18*G$20 -> 12.73163 | H34: =H18*H$20 -> 13.842269 | I34: =I18*I$20 -> 15.048127 | J34: =J18*J$20 -> 16.357181 | K34: =K18*K$20 -> 17.778056 | ... AD34: =AD18*AD$20 -> 84.327025
B37: Dwelling type | C37: =Master!$C$354 -> 1 | D37: 1= Total, 2 = Detached
B38: Data selection | C38: =Master!$N$4 -> WA
D40: 1901 | E40: =D40+5 -> 1906 | F40: =E40+5 -> 1911 | G40: =F40+5 -> 1916 | H40: =G40+5 -> 1921 | I40: =H40+5 -> 1926 | J40: =I40+5 -> 1931 | K40: =J40+5 -> 1936 | L40: =K40+5 -> 1941 | ... AD40: =AC40+5 -> 2031
B41: Data selected | C41: Total | D41: =VLOOKUP($C$38,$B5:$AD18,D$3,TRUE) -> 300 | E41: =VLOOKUP($C$38,$B5:$AD18,E$3,TRUE) -> 329.60377 | F41: =VLOOKUP($C$38,$B5:$AD18,F$3,TRUE) -> 362.12882 | G41: =VLOOKUP($C$38,$B5:$AD18,G$3,TRUE) -> 397.86342 | H41: =VLOOKUP($C$38,$B5:$AD18,H$3,TRUE) -> 437.12428 | I41: =VLOOKUP($C$38,$B5:$AD18,I$3,TRUE) -> 480.25938 | J41: =VLOOKUP($C$38,$B5:$AD18,J$3,TRUE) -> 527.65101 | K41: =VLOOKUP($C$38,$B5:$AD18,K$3,TRUE) -> 579.71921 | ... AD41: =VLOOKUP($C$38,$B5:$AD18,AD$3,TRUE) -> 3465.4942
C42: Detached | D42: =VLOOKUP($C$38,$B21:$AD34,D$3,TRUE) -> 297 | E42: =VLOOKUP($C$38,$B21:$AD34,E$3,TRUE) -> 323.0117 | F42: =VLOOKUP($C$38,$B21:$AD34,F$3,TRUE) -> 351.26496 | G42: =VLOOKUP($C$38,$B21:$AD34,G$3,TRUE) -> 381.94889 | H42: =VLOOKUP($C$38,$B21:$AD34,H$3,TRUE) -> 415.26807 | I42: =VLOOKUP($C$38,$B21:$AD34,I$3,TRUE) -> 451.44382 | J42: =VLOOKUP($C$38,$B21:$AD34,J$3,TRUE) -> 490.71544 | K42: =VLOOKUP($C$38,$B21:$AD34,K$3,TRUE) -> 533.34168 | ... AD42: =VLOOKUP($C$38,$B21:$AD34,AD$3,TRUE) -> 2529.8108
B49: ABS numbers | C49: 2021 | E49: ABS: 2021 Census
B50: Total | C50: 10852
B51: Detached | C51: 7596
A52: => | B52: Detached | C52: =C51/C50 -> 0.69996314
B54: My numbers | C54: 2021
B55: Total | C55: =DT62 -> 10980.466
B56: Detached | C56: =DT65 -> 7664.3655
A57: => | B57: Detached | C57: =C56/C55 -> 0.698
D59: =D$50 -> 0 | E59: =D59+1 -> 1 | F59: =E59+1 -> 2 | G59: =F59+1 -> 3 | H59: =G59+1 -> 4 | I59: =H59+1 -> 5 | J59: =I59+1 -> 6 | K59: =J59+1 -> 7 | L59: =K59+1 -> 8 | ... EC59: =EB59+1 -> 129
B60: Total dwellings - opening balance | D60: 1000 | E60: =D62 -> 1020 | F60: =E62 -> 1040.4 | G60: =F62 -> 1061.208 | H60: =G62 -> 1082.4322 | I60: =H62 -> 1104.0808 | J60: =I62 -> 1126.1624 | K60: =J62 -> 1148.6857 | L60: =K62 -> 1171.6594 | ... ED60: =EC62 -> 13122.674
A61: x | B61: Annual increase | D61: 0.02 | E61: =D61 -> 0.02 | F61: =E61 -> 0.02 | G61: =F61 -> 0.02 | H61: =G61 -> 0.02 | I61: =H61 -> 0.02 | J61: =I61 -> 0.02 | K61: =J61 -> 0.02 | L61: =K61 -> 0.02 | ... EC61: =EB61 -> 0.02
A62: = | B62: Total dwellings - closing balance | D62: =D60*(1+D61) -> 1020 | E62: =E60*(1+E61) -> 1040.4 | F62: =F60*(1+F61) -> 1061.208 | G62: =G60*(1+G61) -> 1082.4322 | H62: =H60*(1+H61) -> 1104.0808 | I62: =I60*(1+I61) -> 1126.1624 | J62: =J60*(1+J61) -> 1148.6857 | K62: =K60*(1+K61) -> 1171.6594 | ... ED62: =ED60*(1+ED61) -> 13122.674
A63: x | B63: Detached dwellings | D63: 0.95 | E63: =D63 -> 0.95 | F63: =E63 -> 0.95 | G63: =F63 -> 0.95 | H63: 0.95 | I63: =H63-((H63-M63)/5) -> 0.95 | J63: =I63-((H63-M63)/5) -> 0.95 | K63: =J63-((H63-M63)/5) -> 0.95 | L63: =K63-((H63-M63)/5) -> 0.95 | M63: 0.95 | N63: =M63-((M63-R63)/5) -> 0.95 | O63: =N63-((M63-R63)/5) -> 0.95 | P63: =O63-((M63-R63)/5) -> 0.95 | Q63: =P63-((M63-R63)/5) -> 0.95 | R63: 0.95 | S63: =R63-((R63-W63)/5) -> 0.95 | T63: =S63-((R63-W63)/5) -> 0.95 | U63: =T63-((R63-W63)/5) -> 0.95 | V63: =U63-((R63-W63)/5) -> 0.95 | W63: 0.95 | X63: =W63-((W63-AB63)/5) -> 0.952 | Y63: =X63-((W63-AB63)/5) -> 0.954 | Z63: =Y63-((W63-AB63)/5) -> 0.956 | AA63: =Z63-((W63-AB63)/5) -> 0.958 | AB63: 0.96 | AC63: =AB63-((AB63-AG63)/5) -> 0.96 | AD63: =AC63-((AB63-AG63)/5) -> 0.96 | AE63: =AD63-((AB63-AG63)/5) -> 0.96 | AF63: =AE63-((AB63-AG63)/5) -> 0.96 | AG63: 0.96 | AH63: =AG63-((AG63-AL63)/5) -> 0.956 | AI63: =AH63-((AG63-AL63)/5) -> 0.952 | AJ63: =AI63-((AG63-AL63)/5) -> 0.948 | AK63: =AJ63-((AG63-AL63)/5) -> 0.944 | AL63: 0.94 | AM63: =AL63-((AL63-AQ63)/5) -> 0.936 | AN63: =AM63-((AL63-AQ63)/5) -> 0.932 | AO63: =AN63-((AL63-AQ63)/5) -> 0.928 | AP63: =AO63-((AL63-AQ63)/5) -> 0.924 | AQ63: 0.92 | AR63: =AQ63-((AQ63-AV63)/5) -> 0.918 | AS63: =AR63-((AQ63-AV63)/5) -> 0.916 | AT63: =AS63-((AQ63-AV63)/5) -> 0.914 | AU63: =AT63-((AQ63-AV63)/5) -> 0.912 | AV63: 0.91 | AW63: =AV63-((AV63-BA63)/5) -> 0.908 | AX63: =AW63-((AV63-BA63)/5) -> 0.906 | AY63: =AX63-((AV63-BA63)/5) -> 0.904 | AZ63: =AY63-((AV63-BA63)/5) -> 0.902 | BA63: 0.9 | BB63: =BA63-((BA63-BF63)/5) -> 0.898 | BC63: =BB63-((BA63-BF63)/5) -> 0.896 | BD63: =BC63-((BA63-BF63)/5) -> 0.894 | BE63: =BD63-((BA63-BF63)/5) -> 0.892 | BF63: 0.89 | BG63: =BF63-((BF63-BK63)/5) -> 0.888 | BH63: =BG63-((BF63-BK63)/5) -> 0.886 | BI63: =BH63-((BF63-BK63)/5) -> 0.884 | BJ63: =BI63-((BF63-BK63)/5) -> 0.882 | BK63: 0.88 | BL63: =BK63-((BK63-BP63)/5) -> 0.876 | BM63: =BL63-((BK63-BP63)/5) -> 0.872 | BN63: =BM63-((BK63-BP63)/5) -> 0.868 | BO63: =BN63-((BK63-BP63)/5) -> 0.864 | BP63: 0.86 | BQ63: =BP63-((BP63-BU63)/5) -> 0.854 | BR63: =BQ63-((BP63-BU63)/5) -> 0.848 | BS63: =BR63-((BP63-BU63)/5) -> 0.842 | BT63: =BS63-((BP63-BU63)/5) -> 0.836 | BU63: 0.83 | BV63: =BU63-((BU63-BZ63)/5) -> 0.824 | BW63: =BV63-((BU63-BZ63)/5) -> 0.818 | BX63: =BW63-((BU63-BZ63)/5) -> 0.812 | BY63: =BX63-((BU63-BZ63)/5) -> 0.806 | BZ63: 0.8 | CA63: =BZ63-((BZ63-CE63)/5) -> 0.796 | CB63: =CA63-((BZ63-CE63)/5) -> 0.792 | CC63: =CB63-((BZ63-CE63)/5) -> 0.788 | CD63: =CC63-((BZ63-CE63)/5) -> 0.784 | CE63: 0.78 | CF63: =CE63-((CE63-CJ63)/5) -> 0.78 | CG63: =CF63-((CE63-CJ63)/5) -> 0.78 | CH63: =CG63-((CE63-CJ63)/5) -> 0.78 | CI63: =CH63-((CE63-CJ63)/5) -> 0.78 | CJ63: 0.78 | CK63: =CJ63-((CJ63-CO63)/5) -> 0.776 | CL63: =CK63-((CJ63-CO63)/5) -> 0.772 | CM63: =CL63-((CJ63-CO63)/5) -> 0.768 | CN63: =CM63-((CJ63-CO63)/5) -> 0.764 | CO63: 0.76 | CP63: =CO63-((CO63-CT63)/5) -> 0.758 | CQ63: =CP63-((CO63-CT63)/5) -> 0.756 | CR63: =CQ63-((CO63-CT63)/5) -> 0.754 | CS63: =CR63-((CO63-CT63)/5) -> 0.752 | CT63: 0.75 | CU63: =CT63-((CT63-CY63)/5) -> 0.748 | CV63: =CU63-((CT63-CY63)/5) -> 0.746 | CW63: =CV63-((CT63-CY63)/5) -> 0.744 | CX63: =CW63-((CT63-CY63)/5) -> 0.742 | CY63: 0.74 | CZ63: =CY63-((CY63-DD63)/5) -> 0.738 | DA63: =CZ63-((CY63-DD63)/5) -> 0.736 | DB63: =DA63-((CY63-DD63)/5) -> 0.734 | DC63: =DB63-((CY63-DD63)/5) -> 0.732 | DD63: 0.73 | DE63: =DD63-((DD63-DI63)/5) -> 0.728 | DF63: =DE63-((DD63-DI63)/5) -> 0.726 | DG63: =DF63-((DD63-DI63)/5) -> 0.724 | DH63: =DG63-((DD63-DI63)/5) -> 0.722 | DI63: 0.72 | DJ63: =DI63-((DI63-DN63)/5) -> 0.718 | DK63: =DJ63-((DI63-DN63)/5) -> 0.716 | DL63: =DK63-((DI63-DN63)/5) -> 0.714 | DM63: =DL63-((DI63-DN63)/5) -> 0.712 | DN63: 0.71 | DO63: =DN63-((DN63-DS63)/5) -> 0.708 | DP63: =DO63-((DN63-DS63)/5) -> 0.706 | DQ63: =DP63-((DN63-DS63)/5) -> 0.704 | DR63: =DQ63-((DN63-DS63)/5) -> 0.702 | DS63: 0.7 | DT63: =DS63-((DS63-DX63)/5) -> 0.698 | DU63: =DT63-((DS63-DX63)/5) -> 0.696 | DV63: =DU63-((DS63-DX63)/5) -> 0.694 | DW63: =DV63-((DS63-DX63)/5) -> 0.692 | DX63: 0.69 | DY63: =DX63 -> 0.69 | DZ63: =DY63 -> 0.69 | EA63: =DZ63 -> 0.69 | EB63: =EA63 -> 0.69 | EC63: 0.69 | ED63: =EC63 -> 0.69
A64: = | B64: Detached dwellings - opening balance | D64: =D60*D63 -> 950 | E64: =E60*E63 -> 969 | F64: =F60*F63 -> 988.38 | G64: =G60*G63 -> 1008.1476 | H64: =H60*H63 -> 1028.3106 | I64: =I60*I63 -> 1048.8768 | J64: =J60*J63 -> 1069.8543 | K64: =K60*K63 -> 1091.2514 | ... ED64: =ED60*ED63 -> 9054.6448
A65: => | B65: Detached dwellings - closing balance | D65: =D62*D63 -> 969 | E65: =E62*E63 -> 988.38 | F65: =F62*F63 -> 1008.1476 | G65: =G62*G63 -> 1028.3106 | H65: =H62*H63 -> 1048.8768 | I65: =I62*I63 -> 1069.8543 | J65: =J62*J63 -> 1091.2514 | K65: =K62*K63 -> 1113.0764 | ... EC65: =EC62*EC63 -> 9054.6448

Sheet Fencing-timber
H1: Annual | Q1: Existing | R1: New builds | S1: Total
B2: Rear fences | D2: Existing | F2: New builds | H2: Total | L2: Project number selected | N2: =#REF! -> #REF! | O2: =#REF! -> #REF! | Q2: =#REF! -> #REF! | R2: =#REF! -> #REF! | S2: =Q2+R2 -> #REF!
B3: Dwellings with projects | C3: # | D3: 172180 | F3: 133456
A4: x | B4: Side fences / dwelling | C4: # | D4: 0.5 | F4: 0.5
A5: x | B5: Timber | D5: 0.95 | F5: 0.8
A6: = | B6: Replaced / built annually | C6: # | D6: =D3*D4*D5 -> 81785.5 | F6: =F3*F4*F5 -> 53382.4 | H6: =D6+F6 -> 135167.9
A7: x | B7: Rear boundary | C7: m | D7: 22 | F7: 14
A8: = | B8: Length replaced / built annually | C8: m | D8: =D6*D7 -> 1799281 | F8: =F6*F7 -> 747353.6 | H8: =D8+F8 -> 2546634.6
A9: x | B9: Rear fence cost | C9: $/m | D9: 150 | F9: =D9 -> 150
A10: => | B10: Rear fence cost | C10: $/yr | D10: =D8*D9 -> 269892150 | F10: =F8*F9 -> 112103040 | G10: $/yr | H10: =D10+F10 -> 381995190
L11: Average block sizes
H12: Annual | L12: Existing | M12: New builds | Q12: Existing | R12: New builds
B13: Side fences (full boundary) | D13: Existing | F13: New builds | H13: Total | K13: m | L13: =D7 -> 22 | M13: =F7 -> 14 | P13: Front setback = | Q13: 10 | R13: 6
B14: Dwellings with projects | C14: # | D14: =D3 -> 172180 | F14: =F3 -> 133456 | K14: m | L14: =D19 -> 40 | M14: =F19 -> 35
A15: x | B15: Side fences / dwelling | C15: # | D15: 1 | F15: 1 | K15: m2 | L15: =L13*L14 -> 880 | M15: =M13*M14 -> 490
A16: x | B16: Side fences (full boundary) | D16: 0.6 | F16: 0.2
A17: x | B17: Timber | D17: 0.95 | F17: 0.8
A18: = | B18: Replaced / built annually | C18: # | D18: =D14*D15*D16*D17 -> 98142.6 | F18: =F14*F15*F16*F17 -> 21352.96 | H18: =D18+F18 -> 119495.56 | L18: HIA: | M18: file:///C:/Users/graem/Downloads/summary-of-hia-forecasts%20(1).pdf | T18: 44866
A19: x | B19: Side boundary (x1) | C19: m | D19: 40 | F19: 35
A20: => | B20: Length replaced / built annually | C20: m | D20: =D18*D19 -> 3925704 | F20: =F18*F19 -> 747353.6 | H20: =D20+F20 -> 4673057.6
A21: x | B21: Side fence cost | C21: $/m | D21: =D9 -> 150 | F21: =F9 -> 150
A22: => | B22: Side fence cost | C22: $/yr | D22: =D20*D21 -> 5.888556e+08 | F22: =F20*F21 -> 1.1210304e+08 | G22: $/yr | H22: =D22+F22 -> 7.0095864e+08
H24: Annual
B25: Side fences (from setback) | D25: Existing | F25: New builds | H25: Total
B26: Dwellings with projects | C26: # | D26: =D3 -> 172180 | F26: =F3 -> 133456
A27: x | B27: Side fences / dwelling | C27: # | D27: =D15 -> 1 | F27: =F15 -> 1
A28: x | B28: Side fences (from setback) | D28: =1-D16 -> 0.4 | F28: =1-F16 -> 0.8
A29: x | B29: Timber | D29: 0.95 | F29: 0.8
A30: = | B30: Replaced / built annually | C30: # | D30: =D26*D27*D28*D29 -> 65428.4 | F30: =F26*F27*F28*F29 -> 85411.84 | H30: =D30+F30 -> 150840.24
A31: x | B31: Side boundary (x1) | C31: m | D31: =D19-$Q13 -> 30 | F31: =F19-$R13 -> 29
A32: => | B32: Length replaced / built annually | C32: m | D32: =D30*D31 -> 1962852 | F32: =F30*F31 -> 2476943.4 | H32: =D32+F32 -> 4439795.4
A33: x | B33: Side fence cost | C33: $/m | D33: =D9 -> 150 | F33: =F9 -> 150
A34: => | B34: Side fence cost | C34: $/yr | D34: =D32*D33 -> 2.944278e+08 | F34: =F32*F33 -> 3.715415e+08 | G34: $/yr | H34: =D34+F34 -> 665969304
H36: Annual
B37: Front fences | D37: Existing | F37: New builds | H37: Total
B38: Dwellings with projects | C38: # | D38: 70282 | F38: 6740 | H38: =D38+F38 -> 77022
A39: x | B39: Front fences / dwelling | D39: 1 | F39: 1
A40: x | B40: Timber | D40: 0.5 | F40: 0.3
A41: = | B41: Replaced / built annually | C41: # | D41: =D38*D39*D40 -> 35141 | F41: =F38*F39*F40 -> 2022 | H41: =D41+F41 -> 37163
A42: x | B42: Front boundary | C42: m | D42: =D7 -> 22 | F42: =F7 -> 14
A43: => | B43: Length replaced / built annually | C43: m | D43: =D41*D42 -> 773102 | F43: =F41*F42 -> 28308 | H43: =D43+F43 -> 801410
A44: x | B44: Front fence cost | C44: $/m | D44: 250 | F44: =D44 -> 250
A45: => | B45: Front fence cost | C45: $/yr | D45: =D43*D44 -> 193275500 | F45: =F43*F44 -> 7077000 | G45: $/yr | H45: =D45+F45 -> 200352500
B48: Number | D48: Existing | F48: New builds | H48: Total | J48: Days/fence | K48: Days
B49: Rear fences | C49: # | D49: =D6 -> 81785.5 | F49: =F6 -> 53382.4 | G49: # | H49: =D49+F49 -> 135167.9 | J49: 3 | K49: =H49*J49 -> 405503.7
A50: + | B50: Side fences (whole boundary) | C50: # | D50: =D18 -> 98142.6 | F50: =F18 -> 21352.96 | G50: # | H50: =D50+F50 -> 119495.56 | J50: 3 | K50: =H50*J50 -> 358486.68
A51: + | B51: Side fences (from setback) | C51: # | D51: =D30 -> 65428.4 | F51: =F30 -> 85411.84 | G51: # | H51: =D51+F51 -> 150840.24 | J51: 2 | K51: =H51*J51 -> 301680.48
A52: + | B52: Front fences | C52: # | D52: =D41 -> 35141 | F52: =F41 -> 2022 | G52: # | H52: =D52+F52 -> 37163 | J52: 4 | K52: =H52*J52 -> 148652
A53: = | B53: Total | C53: # | D53: =SUM(D49:D52) -> 280497.5 | F53: =SUM(F49:F52) -> 162169.2 | G53: # | H53: =SUM(H49:H52) -> 442666.7 | K53: =SUM(K49:K52) -> 1214322.9
B55: Metres | D55: Existing | F55: New builds | H55: Total
B56: Rear fences | C56: m/yr | D56: =D8 -> 1799281 | F56: =F8 -> 747353.6 | G56: m/yr | H56: =D56+F56 -> 2546634.6
A57: + | B57: Side fences (whole boundary) | C57: m/yr | D57: =D20 -> 3925704 | F57: =F20 -> 747353.6 | G57: m/yr | H57: =D57+F57 -> 4673057.6
A58: + | B58: Side fences (from setback) | C58: m/yr | D58: =D32 -> 1962852 | F58: =F32 -> 2476943.4 | G58: m/yr | H58: =D58+F58 -> 4439795.4
A59: + | B59: Front fences | C59: m/yr | D59: =D43 -> 773102 | F59: =F43 -> 28308 | G59: m/yr | H59: =D59+F59 -> 801410
A60: = | B60: Total | C60: m/yr | D60: =SUM(D56:D59) -> 8460939 | F60: =SUM(F56:F59) -> 3999958.6 | G60: m/yr | H60: =SUM(H56:H59) -> 12460898
L61: Labour | M61: Materials
B62: Costs | D62: Existing | F62: New builds | H62: Total | J62: Type | K62: Labour | L62: $/yr | M62: $/yr
B63: Rear fences | C63: $/yr | D63: =D10 -> 269892150 | F63: =F10 -> 112103040 | G63: $/yr | H63: =D63+F63 -> 381995190 | J63: Rear / side | K63: 0.4 | L63: =SUM(H63:H65)*K63 -> 6.9956925e+08 | M63: =SUM(H63:H65)-L63 -> 1.0493539e+09
A64: + | B64: Side fences (whole boundary) | C64: $/yr | D64: =D22 -> 5.888556e+08 | F64: =F22 -> 1.1210304e+08 | G64: $/yr | H64: =D64+F64 -> 7.0095864e+08 | J64: Front | K64: 0.6 | L64: =H66*K64 -> 120211500 | M64: =H66-L64 -> 80141000
A65: + | B65: Side fences (from setback) | C65: $/yr | D65: =D34 -> 2.944278e+08 | F65: =F34 -> 3.715415e+08 | G65: $/yr | H65: =D65+F65 -> 665969304 | J65: Total | L65: =SUM(L63:L64) -> 8.1978075e+08 | M65: =SUM(M63:M64) -> 1.1294949e+09
A66: + | B66: Front fences | C66: $/yr | D66: =D45 -> 193275500 | F66: =F45 -> 7077000 | G66: $/yr | H66: =D66+F66 -> 200352500
A67: = | B67: Total | C67: $/yr | D67: =SUM(D63:D66) -> 1.346451e+09 | F67: =SUM(F63:F66) -> 602824584 | G67: $/yr | H67: =SUM(H63:H66) -> 1949275634 | L67: $/fence | M67: $/fence
J68: Total / fence | L68: =L65/$H53 -> 1851.9142 | M68: =M65/$H53 -> 2551.5696
